date,system_return,system_es_forward_20d
2021-01-05,0.07817835710049341,-0.0560319563530197
2021-01-06,-0.0201089845164004,-0.0560319563530197
2021-01-07,0.027437123324298,-0.0560319563530197
2021-01-08,0.022519481859905502,-0.0560319563530197
2021-01-11,-0.028526064797677605,-0.0560319563530197
2021-01-12,0.01307692684744642,-0.0560319563530197
2021-01-13,-0.007330399062808166,-0.0560319563530197
2021-01-14,0.006489170646234132,-0.0560319563530197
2021-01-15,0.00833381332531108,-0.3163516446337402
2021-01-20,-0.0338843973680267,-0.3163516446337402
2021-01-21,0.002007231202611984,-0.3163516446337402
2021-01-22,0.028035210483099666,-0.3163516446337402
2021-01-25,0.005848321761689267,-0.3163516446337402
2021-01-26,0.021291696280413618,-0.3163516446337402
2021-01-27,0.0316944753617855,-0.3163516446337402
2021-01-28,0.02854205974743762,-0.3163516446337402
2021-01-29,-0.0560319563530197,-0.3163516446337402
2021-02-01,0.02777585520509558,-0.3163516446337402
2021-02-02,0.03169250871449703,-0.3163516446337402
2021-02-03,-0.025582727770322916,-0.3163516446337402
2021-02-04,-0.013697363679765817,-0.3163516446337402
2021-02-05,0.09802265785964304,-0.3163516446337402
2021-02-08,-0.004228880750752984,-0.3163516446337402
2021-02-09,0.0003107326120428333,-0.3163516446337402
2021-02-10,0.02650723312830978,-0.3163516446337402
2021-02-11,0.12442465577770817,-0.3163516446337402
2021-02-12,0.03241998606890865,-0.3163516446337402
2021-02-17,0.17048120647822082,-0.3163516446337402
2021-02-18,-0.3163516446337402,-0.1981136085261587
2021-02-19,-0.1981136085261587,-0.1217188330816746
2021-02-22,-0.1217188330816746,-0.06246770418999465
2021-02-23,-0.04503414656186353,-0.06246770418999465
2021-02-24,0.00940179476098175,-0.06246770418999465
2021-02-25,-0.017713717694822984,-0.06246770418999465
2021-02-26,0.002551307270713399,-0.06246770418999465
2021-03-01,0.057319430073456044,-0.06246770418999465
2021-03-02,-0.033487716825446996,-0.06246770418999465
2021-03-03,-0.00676829320384995,-0.06246770418999465
2021-03-04,0.014150703445552767,-0.06246770418999465
2021-03-05,0.0056786918092439674,-0.06246770418999465
2021-03-08,-0.06246770418999465,-0.04476723639463493
2021-03-09,-0.0007844621924813199,-0.04476723639463493
2021-03-10,0.006807213250670133,-0.04476723639463493
2021-03-11,0.04976261223747452,-0.04476723639463493
2021-03-12,0.051858943754308655,-0.04476723639463493
2021-03-15,-0.013994816519520384,-0.04476723639463493
2021-03-16,-0.04476723639463493,-0.03506114761213101
2021-03-17,-0.002959637868059901,-0.03506114761213101
2021-03-18,-0.03506114761213101,-0.02308140544475785
2021-03-19,0.005049982904244935,-0.02308140544475785
2021-03-22,-0.012204755893240752,-0.02308140544475785
2021-03-23,-0.008632439551342913,-0.0519475025705752
2021-03-24,0.010562829674035384,-0.0519475025705752
2021-03-25,-0.011270035526356685,-0.0519475025705752
2021-03-26,0.03429880858148792,-0.0519475025705752
2021-03-29,-0.02308140544475785,-0.0519475025705752
2021-03-30,-0.004781960101390569,-0.0519475025705752
2021-03-31,0.036991244483520765,-0.0519475025705752
2021-04-01,0.01334347264666815,-0.0519475025705752
2021-04-07,-0.011676126527422117,-0.0519475025705752
2021-04-08,-0.014683328654359803,-0.0519475025705752
2021-04-09,0.019711739331673483,-0.0519475025705752
2021-04-12,-0.0023125004339926663,-0.0519475025705752
2021-04-13,0.023539880491719165,-0.0519475025705752
2021-04-14,0.03369127813070688,-0.0519475025705752
2021-04-15,0.010192007251484015,-0.0519475025705752
2021-04-20,0.009977911778281352,-0.0519475025705752
2021-04-21,-0.013224912805701086,-0.0519475025705752
2021-04-22,-0.012736521871737017,-0.0519475025705752
2021-04-23,0.0011800436612002183,-0.0519475025705752
2021-04-26,0.00754821431551785,-0.0519475025705752
2021-04-29,-0.0519475025705752,-0.04027619084879713
2021-04-30,0.010347140470109149,-0.04027619084879713
2021-05-05,-0.04027619084879713,-0.03440091175476481
2021-05-06,-0.005639834756852084,-0.03440091175476481
2021-05-07,0.0290400403438007,-0.03440091175476481
2021-05-10,-0.011277991579822634,-0.03440091175476481
2021-05-11,-0.021959073663801582,-0.03440091175476481
2021-05-12,0.008292331405810252,-0.03440091175476481
2021-05-13,-0.03440091175476481,-0.030161641870724162
2021-05-14,0.02556183629384502,-0.030161641870724162
2021-05-17,0.02341051651514205,-0.030161641870724162
2021-05-18,0.019249781088367796,-0.030161641870724162
2021-05-19,0.004120594499463868,-0.030161641870724162
2021-05-20,0.005486364610527751,-0.05585088401410718
2021-05-21,-0.02901143187425582,-0.05585088401410718
2021-05-24,0.0006031823719331002,-0.05585088401410718
2021-05-25,0.04244882086641502,-0.05585088401410718
2021-05-26,-0.014979991350994835,-0.08038758212095502
2021-05-27,-0.030161641870724162,-0.08038758212095502
2021-05-28,0.0027921518045329837,-0.08038758212095502
2021-06-02,0.024361678653195603,-0.08532422849889036
2021-06-03,0.014713247293362833,-0.08532422849889036
2021-06-04,0.05605349029572307,-0.08532422849889036
2021-06-07,-0.015377249442905099,-0.08532422849889036
2021-06-08,0.005446064621933183,-0.08532422849889036
2021-06-09,-0.021748026377209784,-0.08532422849889036
2021-06-10,-0.01716219656583833,-0.08532422849889036
2021-06-11,0.018442627109978182,-0.08532422849889036
2021-06-14,-0.01887315424216975,-0.08532422849889036
2021-06-15,-0.009495633710862317,-0.08532422849889036
2021-06-16,-0.0021602415323558164,-0.08532422849889036
2021-06-17,0.018915649291657535,-0.08532422849889036
2021-06-18,0.038399801059450914,-0.08532422849889036
2021-06-21,-0.05585088401410718,-0.08532422849889036
2021-06-22,0.00247055355065545,-0.08532422849889036
2021-06-28,0.048155857380343926,-0.08532422849889036
2021-06-29,0.015943465471544183,-0.08532422849889036
2021-06-30,-0.08038758212095502,-0.08532422849889036
2021-07-01,-0.047123529382065266,-0.08532422849889036
2021-07-02,0.09668902597934825,-0.08532422849889036
2021-07-07,-0.08532422849889036,-0.03376996116563141
2021-07-08,-0.001706115364511834,-0.03376996116563141
2021-07-09,0.050277035164849604,-0.05284272308671017
2021-07-12,0.0025076977035673326,-0.05645594980490603
2021-07-13,0.01121152240229025,-0.05645594980490603
2021-07-14,-0.002565285807110734,-0.05645594980490603
2021-07-15,-0.03376996116563141,-0.05645594980490603
2021-07-20,0.005320533763086366,-0.05645594980490603
2021-07-21,0.007759793422474903,-0.05645594980490603
2021-07-22,0.028374969928797202,-0.05645594980490603
2021-07-23,0.04596740628538521,-0.05645594980490603
2021-07-26,0.002606213202979367,-0.05645594980490603
2021-07-27,-0.009844910194340683,-0.05645594980490603
2021-07-28,-0.01787462216522678,-0.05645594980490603
2021-07-29,-0.013038270542623983,-0.05645594980490603
2021-08-03,0.012102100131744785,-0.05645594980490603
2021-08-04,0.0027903523278467648,-0.05645594980490603
2021-08-05,0.040672125962629264,-0.05645594980490603
2021-08-06,0.014960669622477414,-0.05645594980490603
2021-08-09,-0.026683433925809668,-0.05645594980490603
2021-08-10,0.019397113017162616,-0.05645594980490603
2021-08-11,0.03737768927700049,-0.05645594980490603
2021-08-12,-0.05284272308671017,-0.05645594980490603
2021-08-13,-0.05645594980490603,-0.048133032281532546
2021-08-16,-0.0114957206777271,-0.048133032281532546
2021-08-17,0.004633155612601683,-0.06238246262935727
2021-08-18,0.0125241638195696,-0.06238246262935727
2021-08-19,-0.048133032281532546,-0.06238246262935727
2021-08-20,0.024049716331952253,-0.06238246262935727
2021-08-23,0.07229027024778102,-0.06238246262935727
2021-08-24,0.04559624933576903,-0.06238246262935727
2021-08-25,0.018516961557278416,-0.06238246262935727
2021-08-26,-0.0464944030388448,-0.06238246262935727
2021-08-27,0.017978490834781802,-0.06238246262935727
2021-09-01,-0.0116162651632169,-0.06238246262935727
2021-09-02,0.0097634756703791,-0.06238246262935727
2021-09-03,0.027319701596631277,-0.06238246262935727
2021-09-08,-0.01962563045043947,-0.06238246262935727
2021-09-09,0.008159551959068902,-0.06238246262935727
2021-09-10,0.10787036296389853,-0.06238246262935727
2021-09-13,0.008548669850370618,-0.06238246262935727
2021-09-14,-0.016279526578614405,-0.06238246262935727
2021-09-15,-0.0007498638005863698,-0.06238246262935727
2021-09-16,0.016060499647478233,-0.06238246262935727
2021-09-17,-0.008572463812320916,-0.06238246262935727
2021-09-20,-0.06238246262935727,-0.05882730201500661
2021-09-21,-0.02557389527033525,-0.05882730201500661
2021-09-22,0.0026732012544888003,-0.05882730201500661
2021-09-23,0.003519508406410316,-0.05882730201500661
2021-09-24,0.03227023369152439,-0.05882730201500661
2021-09-27,0.048719646758343116,-0.05882730201500661
2021-09-28,0.008494264395923564,-0.05882730201500661
2021-09-29,-0.013959011988063366,-0.05882730201500661
2021-09-30,0.003976020980484817,-0.05882730201500661
2021-10-01,0.04629273587876063,-0.05882730201500661
2021-10-04,0.0330876204627945,-0.05989665667414303
2021-10-05,0.00951927685689682,-0.05989665667414303
2021-10-06,-0.013617803675910716,-0.05989665667414303
2021-10-07,-0.0018933453806392498,-0.05989665667414303
2021-10-08,0.014636052859531368,-0.05989665667414303
2021-10-11,-0.05429974244640868,-0.05989665667414303
2021-10-12,0.015292856529818351,-0.05989665667414303
2021-10-13,0.0427209483063296,-0.8005103468242071
2021-10-14,0.025048501917868952,-0.8005103468242071
2021-10-15,-0.05882730201500661,-0.8005103468242071
2021-10-18,-0.008300644945483564,-0.8005103468242071
2021-10-19,-0.0014792825452174506,-0.8005103468242071
2021-10-20,-0.005364971550933301,-0.8005103468242071
2021-10-21,-0.0032655070738957168,-0.8005103468242071
2021-10-26,-0.019312490268047967,-0.8005103468242071
2021-10-29,0.020639691867032784,-0.8005103468242071
2021-11-01,0.020648319335393645,-0.8005103468242071
2021-11-02,0.020288954092106796,-0.8005103468242071
2021-11-03,0.00014511983031118263,-0.8005103468242071
2021-11-04,0.011058077052707333,-0.8005103468242071
2021-11-05,-0.05989665667414303,-0.8005103468242071
2021-11-08,-0.02558700319206265,-0.8005103468242071
2021-11-09,0.0017509691649756829,-0.8005103468242071
2021-11-10,-0.049210011752954,-0.8005103468242071
2021-11-11,0.010350373961216965,-0.8005103468242071
2021-11-12,0.07740101678426914,-0.8005103468242071
2021-11-15,-0.042339878988408686,-0.8005103468242071
2021-11-16,-0.8005103468242071,-0.09168335039307306
2021-11-17,0.7761407836017704,-0.09168335039307306
2021-11-18,0.04548394040847655,-0.09168335039307306
2021-11-19,-0.002370112270468667,-0.09168335039307306
2021-11-22,0.02415755365678475,-0.09168335039307306
2021-11-23,-0.036079675829454615,-0.09168335039307306
2021-11-24,-0.03288661045991873,-0.09168335039307306
2021-11-30,-0.05695268551116359,-0.09168335039307306
2021-12-01,-0.05869514741464695,-0.09168335039307306
2021-12-02,0.00016262191147368293,-0.09168335039307306
2021-12-03,-0.02040793880478198,-0.09168335039307306
2021-12-06,0.03238359381625603,-0.09168335039307306
2021-12-07,0.0306347838711664,-0.09168335039307306
2021-12-08,0.011024971222617752,-0.09168335039307306
2021-12-09,-0.09168335039307306,-0.11135387579793592
2021-12-10,0.025464476754585016,-0.11135387579793592
2021-12-13,-0.0027807615045607847,-0.11135387579793592
2021-12-14,-0.0541861667595945,-0.11135387579793592
2021-12-17,0.05742698928849693,-0.11135387579793592
2021-12-22,-0.015277927962480016,-0.11135387579793592
2021-12-23,-0.06789173703377722,-0.11135387579793592
2021-12-30,0.017490905269808867,-0.11135387579793592
2021-12-31,0.08280394059307794,-0.11135387579793592
2022-01-03,0.0263778528972633,-0.11135387579793592
2022-01-04,-0.015637386354258452,-0.11135387579793592
2022-01-05,0.030503268562650534,-0.11135387579793592
2022-01-06,0.08219862652332106,-0.11135387579793592
2022-01-07,-0.052308867729419097,-0.11135387579793592
2022-01-10,0.029593574698631497,-0.11135387579793592
2022-01-11,-0.055182511113630046,-0.11135387579793592
2022-01-12,0.0025126171514798647,-0.11135387579793592
2022-01-13,0.04618315366973136,-0.11135387579793592
2022-01-19,0.07935734419092508,-0.11135387579793592
2022-01-20,0.05808770366805993,-0.11135387579793592
2022-01-21,-0.11135387579793592,-0.08598937637941899
2022-01-24,-0.05724246531057175,-0.08598937637941899
2022-01-25,0.11256956159733132,-0.08598937637941899
2022-01-26,-0.0218768416076341,-0.08598937637941899
2022-01-27,-0.0575751041239432,-0.08598937637941899
2022-01-28,0.10235432401056145,-0.08598937637941899
2022-01-31,-0.019912118868235015,-0.08598937637941899
2022-02-01,-0.05249720904585307,-0.08598937637941899
2022-02-02,0.06609979237733142,-0.08598937637941899
2022-02-03,-0.021614939604062133,-0.08598937637941899
2022-02-04,0.026254513612991384,-0.08598937637941899
2022-02-07,-0.08598937637941899,-0.06788996091450607
2022-02-10,-0.030774769642502062,-0.08395056317808273
2022-02-11,0.11151352194524404,-0.08395056317808273
2022-02-14,-0.005466253380570835,-0.08395056317808273
2022-02-15,-0.06412374168940978,-0.08395056317808273
2022-02-16,-0.01087954049383088,-0.08395056317808273
2022-02-17,0.036610407746987726,-0.08395056317808273
2022-02-18,-0.0038490569114803335,-0.08395056317808273
2022-02-23,0.04695422788907325,-0.08395056317808273
2022-02-24,0.036038247245018765,-0.08395056317808273
2022-02-25,-0.002279212165125367,-0.08395056317808273
2022-02-28,-0.06788996091450607,-0.08395056317808273
2022-03-01,0.020835906657236364,-0.08395056317808273
2022-03-02,0.08066440653745491,-0.08395056317808273
2022-03-03,0.0031664432996472993,-0.08395056317808273
2022-03-04,0.012357376858783886,-0.08395056317808273
2022-03-07,0.040061559327478104,-0.08395056317808273
2022-03-08,0.0436287666040267,-0.08395056317808273
2022-03-09,-0.059144762537090216,-0.08395056317808273
2022-03-10,-0.052077775018159404,-0.08395056317808273
2022-03-11,0.05004080029301567,-0.08395056317808273
2022-03-14,-0.08395056317808273,-0.03489714366650963
2022-03-15,-0.011377326835616203,-0.03489714366650963
2022-03-16,0.0271829003459069,-0.06416025760474407
2022-03-17,0.02462018430008495,-0.06416025760474407
2022-03-18,0.016716180878831467,-0.06416025760474407
2022-03-21,0.020671875583556282,-0.06416025760474407
2022-03-22,0.02478695894939532,-0.06416025760474407
2022-04-11,-0.03489714366650963,-0.06416025760474407
2022-04-12,0.03674266694341795,-0.06416025760474407
2022-04-13,0.019637798066676534,-0.06416025760474407
2022-04-14,-0.008237774884763233,-0.06416025760474407
2022-04-20,-0.03387042971026457,-0.06416025760474407
2022-04-21,-0.005495686112508116,-0.06416025760474407
2022-04-22,0.005200166987276514,-0.06416025760474407
2022-04-25,-0.021936388476685834,-0.06416025760474407
2022-04-26,0.01808018480793245,-0.06884363951628072
2022-04-27,-0.006483850017136032,-0.06884363951628072
2022-04-28,-0.005834256020539834,-0.06884363951628072
2022-04-29,0.0468161002289921,-0.06884363951628072
2022-05-04,0.025288494059341818,-0.06884363951628072
2022-05-05,-0.022563285497880652,-0.06884363951628072
2022-05-06,0.0024031081775001497,-0.12133408621352837
2022-05-09,-0.06416025760474407,-0.12133408621352837
2022-05-12,-0.027932286034366566,-0.12133408621352837
2022-05-17,0.006820725289987034,-0.12133408621352837
2022-05-18,0.06255567446785633,-0.12133408621352837
2022-05-19,0.0427836241116552,-0.12133408621352837
2022-05-24,0.030517563759940382,-0.12133408621352837
2022-05-25,0.042552643198983976,-0.12133408621352837
2022-05-26,0.014623913421319051,-0.12133408621352837
2022-05-27,0.08082685855912349,-0.12133408621352837
2022-06-01,-0.03994637413332874,-0.12133408621352837
2022-06-06,0.023683955437646734,-0.12133408621352837
2022-06-07,0.028896074020357047,-0.12133408621352837
2022-06-08,0.003359204090546467,-0.12133408621352837
2022-06-09,-0.06884363951628072,-0.12133408621352837
2022-06-10,0.06416456478024217,-0.12133408621352837
2022-06-13,0.049740837851990606,-0.12133408621352837
2022-06-14,-0.022934762853285273,-0.12133408621352837
2022-06-15,0.0144444696260317,-0.12133408621352837
2022-06-16,-0.023331744031199215,-0.12133408621352837
2022-06-17,-0.12133408621352837,-0.05433797065945628
2022-06-22,-0.05433797065945628,-0.04978520903789332
2022-06-23,0.013093215344799,-0.04978520903789332
2022-06-24,-0.004872364049290286,-0.04978520903789332
2022-06-27,-0.015648601066872703,-0.04978520903789332
2022-06-28,0.038875796846070294,-0.04978520903789332
2022-06-29,0.03547069927043943,-0.04978520903789332
2022-06-30,-0.0262731971999193,-0.04978520903789332
2022-07-01,-0.021131974524668515,-0.04978520903789332
2022-07-06,-0.036396100698817484,-0.04978520903789332
2022-07-07,0.0327138787956827,-0.04978520903789332
2022-07-08,0.01396739915002255,-0.04978520903789332
2022-07-11,0.026974123013594403,-0.04978520903789332
2022-07-12,-0.04978520903789332,-0.03479462365227453
2022-07-13,-0.004021665215524117,-0.03479462365227453
2022-07-14,-0.018420595431658447,-0.03479462365227453
2022-07-15,0.03104988628277648,-0.03479462365227453
2022-07-18,0.09549831429363997,-0.03479462365227453
2022-07-19,0.02010117495771302,-0.03479462365227453
2022-07-20,0.003487781089047033,-0.03479462365227453
2022-07-21,-0.024381696327829102,-0.03479462365227453
2022-07-22,-0.010498116113723798,-0.03479462365227453
2022-07-25,-0.03156991023198532,-0.03479462365227453
2022-07-26,0.02912878550369212,-0.03479462365227453
2022-07-27,0.003641155444122815,-0.03479462365227453
2022-07-28,-0.015602011734158977,-0.03479462365227453
2022-07-29,0.014309244497187347,-0.03479462365227453
2022-08-01,-0.014481370782885063,-0.03479462365227453
2022-08-02,0.02084630443550105,-0.03479462365227453
2022-08-03,-0.027245310052184484,-0.03479462365227453
2022-08-04,-0.01834025954074438,-0.03479462365227453
2022-08-05,0.014183937599669467,-0.03479462365227453
2022-08-08,0.02833121339576028,-0.03479462365227453
2022-08-09,-0.03479462365227453,-0.03237770331577325
2022-08-10,-0.006179253416033184,-0.03237770331577325
2022-08-11,-0.01417128413886582,-0.03237770331577325
2022-08-12,0.002637622168939917,-0.03237770331577325
2022-08-15,0.001043564115267716,-0.03237770331577325
2022-08-16,0.0006765658978593828,-0.058405559868817965
2022-08-17,0.01780152873957885,-0.058405559868817965
2022-08-18,0.02625617350346185,-0.06490678598047568
2022-08-19,-0.028418878683308616,-0.06490678598047568
2022-08-22,0.015043735443058348,-0.06490678598047568
2022-08-23,0.039083937928483754,-0.06490678598047568
2022-08-24,-0.0205264620059749,-0.06490678598047568
2022-08-25,-0.012936800216739883,-0.06490678598047568
2022-08-26,0.04360020430560379,-0.06490678598047568
2022-08-31,-0.00035450833875081675,-0.06490678598047568
2022-09-01,-0.004135186399753233,-0.06490678598047568
2022-09-02,0.00016652314301674893,-0.06490678598047568
2022-09-07,-0.03237770331577325,-0.06490678598047568
2022-09-08,0.03251638133159224,-0.06490678598047568
2022-09-09,0.026140173489109703,-0.06490678598047568
2022-09-12,-0.0009038498949344338,-0.06490678598047568
2022-09-13,-0.008991459884409851,-0.06490678598047568
2022-09-14,0.012103042272101266,-0.06490678598047568
2022-09-15,-0.018964751095940032,-0.06490678598047568
2022-09-16,0.04448732822686699,-0.06490678598047568
2022-09-21,-0.058405559868817965,-0.06490678598047568
2022-09-22,-0.049230788560481915,-0.06490678598047568
2022-09-23,-0.06490678598047568,-0.06203128898309843
2022-09-26,-0.011956641380753414,-0.06203128898309843
2022-09-27,0.044969960860913795,-0.06203128898309843
2022-09-28,-0.002336537570634284,-0.06203128898309843
2022-09-29,0.010232490507229752,-0.06203128898309843
2022-09-30,0.0009446648158681669,-0.06203128898309843
2022-10-03,0.001843012009326866,-0.06203128898309843
2022-10-04,0.009692998505726483,-0.06203128898309843
2022-10-05,-0.003195173488940431,-0.06203128898309843
2022-10-06,0.03486092947746562,-0.06203128898309843
2022-10-07,-0.060138785139929575,-0.06203128898309843
2022-10-14,0.012507441198582561,-0.06203128898309843
2022-10-17,-0.02135513796647433,-0.06203128898309843
2022-10-18,-0.0125457989589298,-0.06203128898309843
2022-10-19,-0.009432642769990868,-0.06203128898309843
2022-10-20,-0.06203128898309843,-0.055060253521996616
2022-10-21,-0.027413561129324235,-0.055060253521996616
2022-10-24,0.028726887012963886,-0.055060253521996616
2022-10-25,0.03708957810189462,-0.055060253521996616
2022-10-26,0.006650265656686752,-0.055060253521996616
2022-10-27,0.008397822049587167,-0.055060253521996616
2022-10-28,-0.013529891175805234,-0.06584806177329597
2022-10-31,-0.003926420170417218,-0.06584806177329597
2022-11-01,-0.04657664925194136,-0.06584806177329597
2022-11-02,0.007743731826302267,-0.06584806177329597
2022-11-03,-0.037720570964668396,-0.06584806177329597
2022-11-04,0.03557523790792479,-0.06584806177329597
2022-11-07,0.007661778225679004,-0.06584806177329597
2022-11-08,-0.008688875042197652,-0.06584806177329597
2022-11-09,-0.055060253521996616,-0.06584806177329597
2022-11-10,0.076244190817258,-0.06584806177329597
2022-11-15,-0.007958302232100714,-0.06584806177329597
2022-11-16,-0.014785272611416983,-0.06686450292665257
2022-11-17,-0.030313460179815514,-0.06686450292665257
2022-11-18,-0.03649255759893814,-0.06686450292665257
2022-11-21,-0.03443631721478943,-0.06686450292665257
2022-11-22,-0.03803761948927487,-0.06686450292665257
2022-11-23,-0.018436392358233415,-0.06686450292665257
2022-11-29,0.010124672091662667,-0.06686450292665257
2022-11-30,0.08961739567818709,-0.06686450292665257
2022-12-01,-0.05473344473335117,-0.06686450292665257
2022-12-02,-0.06584806177329597,-0.06686450292665257
2022-12-05,-0.06037036181053193,-0.06686450292665257
2022-12-06,-0.018957202795544515,-0.06686450292665257
2022-12-07,-0.0015679991672622809,-0.06686450292665257
2022-12-08,0.040452026774968335,-0.06686450292665257
2022-12-09,0.015273848526380066,-0.06686450292665257
2022-12-12,0.09709706893953345,-0.06686450292665257
2022-12-13,0.06592517269234217,-0.06686450292665257
2022-12-14,-0.0517107004155879,-0.06686450292665257
2022-12-15,-0.0004614728281807148,-0.06686450292665257
2022-12-16,0.057928590116520934,-0.06686450292665257
2022-12-19,-0.06686450292665257,-0.04263794519564192
2022-12-20,-0.03650628335666615,-0.04263794519564192
2022-12-21,0.012838734231896453,-0.04263794519564192
2022-12-22,0.17638476601691724,-0.04263794519564192
2022-12-29,-0.04263794519564192,-0.24761131279987314
2022-12-30,-0.02235894339004987,-0.24761131279987314
2023-01-04,-0.0043423176944283005,-0.24761131279987314
2023-01-05,0.012678424752071865,-0.24761131279987314
2023-01-06,-0.0005055931523413002,-0.24761131279987314
2023-01-09,0.005651422708154015,-0.24761131279987314
2023-01-10,0.0004727554102282357,-0.24761131279987314
2023-01-11,-0.009286754499568386,-0.24761131279987314
2023-01-18,-0.028686985948514016,-0.24761131279987314
2023-01-19,-0.01007126743828505,-0.24761131279987314
2023-01-20,0.06080656209050419,-0.24761131279987314
2023-01-23,0.010826531006906266,-0.24761131279987314
2023-01-24,-0.013556170341557516,-0.24761131279987314
2023-01-25,-0.03768187688164406,-0.24761131279987314
2023-01-26,-0.026526403850558048,-0.24761131279987314
2023-01-27,0.037496133450477385,-0.24761131279987314
2023-01-30,0.026142348712358415,-0.24761131279987314
2023-01-31,-0.00707728937501248,-0.24761131279987314
2023-02-01,-0.018127646675340517,-0.24761131279987314
2023-02-02,0.15600991100384443,-0.24761131279987314
2023-02-03,-0.24761131279987314,-0.046551672122960325
2023-02-06,-0.03637375215340424,-0.046551672122960325
2023-02-07,0.021213147087770303,-0.046551672122960325
2023-02-08,-0.006020220683868065,-0.046551672122960325
2023-02-09,0.015403361229931667,-0.046551672122960325
2023-02-10,0.0195760221196503,-0.046551672122960325
2023-02-13,-0.025918663163604985,-0.057263431604169156
2023-02-14,-0.009129183942541102,-0.057263431604169156
2023-02-15,0.04224868703619635,-0.057263431604169156
2023-02-16,0.029591417050463312,-0.057263431604169156
2023-02-17,-0.046551672122960325,-0.057263431604169156
2023-02-22,-0.04039896980570926,-0.057263431604169156
2023-02-23,0.07839351393958444,-0.057263431604169156
2023-02-24,-0.004934332102547084,-0.057263431604169156
2023-02-27,0.009144245723602297,-0.057263431604169156
2023-02-28,0.011779728475962535,-0.057263431604169156
2023-03-01,-0.0017557870055544512,-0.057263431604169156
2023-03-02,0.047163708575365816,-0.057263431604169156
2023-03-03,-0.003249445500994267,-0.057263431604169156
2023-03-06,-0.0037812144883315503,-0.057263431604169156
2023-03-07,-0.010763100213899451,-0.0668894848386933
2023-03-08,-0.03341326618866894,-0.0668894848386933
2023-03-09,-0.0037127249752648486,-0.0668894848386933
2023-03-10,0.01355843776320155,-0.0668894848386933
2023-03-13,-0.013669831894136236,-0.0668894848386933
2023-03-14,-0.02686520062701185,-0.0668894848386933
2023-03-15,-0.057263431604169156,-0.0668894848386933
2023-03-16,-0.018080326589352196,-0.0668894848386933
2023-03-21,-0.030929365269956054,-0.0668894848386933
2023-03-22,0.014620842729371116,-0.0668894848386933
2023-03-23,-0.005299150872510217,-0.0668894848386933
2023-03-24,0.02526649736240395,-0.0668894848386933
2023-03-27,0.02927367851719677,-0.0668894848386933
2023-03-28,-0.025923255828612646,-0.0668894848386933
2023-03-29,-0.005289209324698682,-0.0668894848386933
2023-03-30,-0.00265977011480995,-0.0668894848386933
2023-03-31,0.059948694611015624,-0.0668894848386933
2023-04-03,0.023612915205812334,-0.0668894848386933
2023-04-04,0.024607973164833135,-0.0668894848386933
2023-04-05,0.0290136121657856,-0.0668894848386933
2023-04-06,-0.0668894848386933,-0.06323712857042298
2023-04-12,0.03380113053792102,-0.06323712857042298
2023-04-13,-0.01759378181924579,-0.06323712857042298
2023-04-14,-0.03402522422896488,-0.06323712857042298
2023-04-17,0.019161342362367082,-0.06323712857042298
2023-04-18,-0.007726217182740767,-0.06323712857042298
2023-04-19,0.011059353884395051,-0.06323712857042298
2023-04-20,0.009769170066291135,-0.06323712857042298
2023-04-21,-0.030856638641445545,-0.06323712857042298
2023-04-24,0.025459710689383252,-0.06323712857042298
2023-04-25,-0.04504455921114591,-0.06323712857042298
2023-04-26,-0.01300571245398375,-0.06323712857042298
2023-04-27,-0.004759481146849101,-0.07528527681388682
2023-04-28,0.0179284516059649,-0.07528527681388682
2023-05-03,-0.02648239407824325,-0.07528527681388682
2023-05-04,-0.034668370603208855,-0.07528527681388682
2023-05-05,0.05282354909361617,-0.07528527681388682
2023-05-10,0.01832614663217945,-0.07528527681388682
2023-05-11,0.008413889398136592,-0.07528527681388682
2023-05-12,-0.06323712857042298,-0.07528527681388682
2023-05-15,0.050771057453160136,-0.07528527681388682
2023-05-16,-0.03101622795496328,-0.07528527681388682
2023-05-17,-0.0016526838953209836,-0.07528527681388682
2023-05-18,0.010283849108618766,-0.07528527681388682
2023-05-19,0.033263740812410014,-0.07528527681388682
2023-05-22,0.003908807761280384,-0.07528527681388682
2023-05-23,-0.023650701121367152,-0.07528527681388682
2023-05-24,-0.02297426848257762,-0.07528527681388682
2023-05-25,-0.026735474811474997,-0.07528527681388682
2023-05-26,0.029529640479133052,-0.07528527681388682
2023-05-31,0.013319195950070117,-0.07528527681388682
2023-06-01,0.004485783772831697,-0.07528527681388682
2023-06-02,-0.07528527681388682,-0.047265577045154605
2023-06-05,0.020754627066995397,-0.047265577045154605
2023-06-06,-0.003563280755691568,-0.047265577045154605
2023-06-07,0.018214439868325098,-0.047265577045154605
2023-06-08,-0.019243900135371635,-0.047265577045154605
2023-06-09,-0.016688013248864018,-0.047265577045154605
2023-06-12,-0.047265577045154605,-0.03673278512452848
2023-06-13,0.05159767003101653,-0.03673278512452848
2023-06-14,0.015394108061081732,-0.03673278512452848
2023-06-15,0.004369599619399434,-0.03673278512452848
2023-06-16,0.030664717771396784,-0.03673278512452848
2023-06-21,-0.007177055281436334,-0.03673278512452848
2023-06-22,0.0039378359262225516,-0.03673278512452848
2023-06-23,0.020544660366306634,-0.03673278512452848
2023-06-26,0.011287183619776998,-0.2069362553874704
2023-06-27,0.005286057645472034,-0.2069362553874704
2023-06-30,0.0034399872632874516,-0.2069362553874704
2023-07-03,0.02662245413023122,-0.2069362553874704
2023-07-06,-0.03673278512452848,-0.2069362553874704
2023-07-07,0.009097253895373419,-0.2069362553874704
2023-07-10,0.027254401812449036,-0.2069362553874704
2023-07-11,-0.0027348147519748,-0.2069362553874704
2023-07-12,0.02913371577761488,-0.2069362553874704
2023-07-13,-0.008916519312484631,-0.2069362553874704
2023-07-14,0.004657983999539667,-0.2069362553874704
2023-07-17,-0.025712776085681982,-0.2069362553874704
2023-07-18,-0.0025595476478423823,-0.2069362553874704
2023-07-19,-0.00480572936405715,-0.2069362553874704
2023-07-20,-0.0015535860820033848,-0.2069362553874704
2023-07-21,0.029937631997650413,-0.2069362553874704
2023-07-24,0.04327720618918569,-0.2069362553874704
2023-07-25,0.021426674313806918,-0.2069362553874704
2023-07-26,0.07669934754394529,-0.2069362553874704
2023-07-27,0.06935325172510694,-0.2069362553874704
2023-07-28,-0.2069362553874704,-0.06820539578212838
2023-07-31,-0.000735884646522883,-0.06820539578212838
2023-08-01,-0.0313331338319391,-0.06820539578212838
2023-08-02,-0.009352131090925352,-0.07125154062355682
2023-08-03,0.009232236077935116,-0.07125154062355682
2023-08-04,0.03156449107470696,-0.07125154062355682
2023-08-07,-0.0281814670691375,-0.07125154062355682
2023-08-08,0.025497770450752452,-0.07125154062355682
2023-08-09,0.0125780713009081,-0.07125154062355682
2023-08-10,0.009433374012204551,-0.07125154062355682
2023-08-11,-0.009473314092073868,-0.07125154062355682
2023-08-14,0.01692927754836795,-0.07125154062355682
2023-08-15,-0.04458362350928315,-0.07125154062355682
2023-08-16,-0.030025970666701148,-0.07125154062355682
2023-08-17,-0.01767341366815098,-0.07125154062355682
2023-08-18,0.12119040705377714,-0.07125154062355682
2023-08-21,-0.06820539578212838,-0.07125154062355682
2023-08-24,0.006244102488470263,-0.07125154062355682
2023-08-25,-0.04193666363933184,-0.07125154062355682
2023-08-30,-0.041111175909645685,-0.07125154062355682
2023-08-31,-0.009671777798271648,-0.07125154062355682
2023-09-01,0.2637254406828628,-0.07125154062355682
2023-09-06,-0.016766922206410215,-0.07125154062355682
2023-09-07,-0.07125154062355682,-0.06409621062768849
2023-09-08,-0.0016515185112329991,-0.06409621062768849
2023-09-11,0.0371284662412266,-0.06409621062768849
2023-09-12,-0.013310714135743917,-0.06409621062768849
2023-09-13,-0.017842276435407232,-0.06409621062768849
2023-09-14,0.005955577027311615,-0.06409621062768849
2023-09-15,0.04448106623088013,-0.06409621062768849
2023-09-18,-0.033611432332739805,-0.06409621062768849
2023-09-19,0.0006065113632119827,-0.06409621062768849
2023-09-20,0.010655344778469284,-0.06409621062768849
2023-09-21,-0.05074759257131764,-0.06409621062768849
2023-09-22,0.018201526788776016,-0.06409621062768849
2023-09-25,0.027507381951661667,-0.06409621062768849
2023-09-26,-0.014756925685476317,-0.06409621062768849
2023-09-27,0.040701534310722466,-0.06409621062768849
2023-09-28,-0.016378406448520736,-0.06409621062768849
2023-09-29,0.04729419781083526,-0.06409621062768849
2023-10-02,-0.019651440006427868,-0.06409621062768849
2023-10-03,-0.01721348239486838,-0.06409621062768849
2023-10-04,-0.05271310437222244,-0.06409621062768849
2023-10-05,-0.06409621062768849,-0.04615689059951252
2023-10-06,0.026308024123148217,-0.0701364482321729
2023-10-11,-0.03455517393973348,-0.0701364482321729
2023-10-12,-0.013461060895884766,-0.0701364482321729
2023-10-13,0.05277988736820916,-0.0701364482321729
2023-10-16,-0.0027951231144350656,-0.0701364482321729
2023-10-17,-0.020702452775890553,-0.0701364482321729
2023-10-18,-0.0039378310637387,-0.0701364482321729
2023-10-19,-0.020402868582946616,-0.0701364482321729
2023-10-20,0.003878386139000116,-0.0701364482321729
2023-10-23,-0.04615689059951252,-0.0701364482321729
2023-10-24,-0.01591792018559255,-0.0701364482321729
2023-10-25,0.019324305330000034,-0.0701364482321729
2023-10-26,0.006390594687214067,-0.0701364482321729
2023-10-27,0.04966149222179456,-0.0701364482321729
2023-10-30,-0.030548674231025082,-0.0701364482321729
2023-10-31,0.03153648140747115,-0.0701364482321729
2023-11-01,-0.016978771827253453,-0.0701364482321729
2023-11-02,-0.01695857793185603,-0.0701364482321729
2023-11-03,-0.038085101177339646,-0.0701364482321729
2023-11-06,-0.03825600750050902,-0.0701364482321729
2023-11-07,-0.0701364482321729,-0.06123126853258739
2023-11-08,0.008975236289942916,-0.08226170237911791
2023-11-09,0.06364041476635175,-0.08226170237911791
2023-11-14,0.023901441205201646,-0.08226170237911791
2023-11-15,0.0019305034175545993,-0.08226170237911791
2023-11-16,-0.06123126853258739,-0.08226170237911791
2023-11-17,0.016424160225142086,-0.08226170237911791
2023-11-20,0.0319625346839985,-0.08226170237911791
2023-11-21,-0.05371421779816483,-0.08226170237911791
2023-11-22,-0.004707377826121501,-0.08226170237911791
2023-11-27,0.008622740234859818,-0.08226170237911791
2023-11-28,0.02705874179823975,-0.08226170237911791
2023-11-29,-0.05149514863854466,-0.08226170237911791
2023-11-30,-0.04630876664912232,-0.08226170237911791
2023-12-01,-0.0002553291152331688,-0.08226170237911791
2023-12-04,0.0008030523585810328,-0.08226170237911791
2023-12-05,0.024092073917663947,-0.08226170237911791
2023-12-06,-0.011251280563127151,-0.08226170237911791
2023-12-07,-0.05774091357839037,-0.08226170237911791
2023-12-08,0.058568359747110936,-0.08226170237911791
2023-12-11,0.023137838627582747,-0.1552961007008147
2023-12-12,-0.08226170237911791,-0.1552961007008147
2023-12-13,-0.008794913452573452,-0.1552961007008147
2023-12-14,0.020868314817309535,-0.1552961007008147
2023-12-15,0.0181946774770653,-0.1552961007008147
2023-12-18,0.0560755254916691,-0.1552961007008147
2023-12-19,-0.0225410345237952,-0.1552961007008147
2023-12-20,-0.019380737093379383,-0.1552961007008147
2023-12-21,-0.012589862842230118,-0.1552961007008147
2023-12-22,-0.008388105582243998,-0.1552961007008147
2023-12-28,-0.013727016190918519,-0.1552961007008147
2023-12-29,0.024362962873140336,-0.1552961007008147
2024-01-03,0.03453398733291712,-0.1552961007008147
2024-01-04,0.021457331103254536,-0.1552961007008147
2024-01-05,-0.058839850714116904,-0.1552961007008147
2024-01-08,-0.03913463985921605,-0.1552961007008147
2024-01-09,0.0469580832849232,-0.1552961007008147
2024-01-10,0.008993074466058334,-0.1552961007008147
2024-01-11,-0.0222760410365843,-0.1552961007008147
2024-01-12,0.5057283533428014,-0.1552961007008147
2024-01-17,-0.1552961007008147,-0.11393721138941777
2024-01-18,-0.0036185550140324166,-0.11393721138941777
2024-01-19,-0.02095220694332738,-0.11393721138941777
2024-01-22,-0.11393721138941777,-0.06824831563338495
2024-01-23,-0.04797187884421009,-0.06824831563338495
2024-01-24,-0.0002287896839554028,-0.06824831563338495
2024-01-25,0.05140562084126205,-0.06824831563338495
2024-01-26,0.038017465955980545,-0.06824831563338495
2024-01-29,0.009553207861504284,-0.06824831563338495
2024-01-30,-0.011175619483924615,-0.06824831563338495
2024-01-31,-0.057723139456369865,-0.06824831563338495
2024-02-01,-0.022864603629757906,-0.06824831563338495
2024-02-02,-0.017991645230017266,-0.06824831563338495
2024-02-05,0.02710590879601783,-0.06824831563338495
2024-02-06,-0.010071165359803002,-0.06824831563338495
2024-02-07,-0.03680383498266975,-0.06824831563338495
2024-02-08,-0.03331876556635867,-0.06824831563338495
2024-02-09,0.06537024938266496,-0.06824831563338495
2024-02-12,0.040218759132095765,-0.06824831563338495
2024-02-13,-0.02620115459852058,-0.06824831563338495
2024-02-14,-0.06824831563338495,-0.04754424330641894
2024-02-15,0.018542252233198834,-0.04754424330641894
2024-02-16,0.047335933211766386,-0.04754424330641894
2024-02-21,0.008218714035844383,-0.04754424330641894
2024-02-22,-0.0005146071851660668,-0.04754424330641894
2024-02-23,-0.031660686314824465,-0.04754424330641894
2024-02-26,0.007302660623387283,-0.04754424330641894
2024-02-27,0.008487302288641117,-0.04754424330641894
2024-02-28,0.04902271097540505,-0.04754424330641894
2024-02-29,0.0040977505858078335,-0.04754424330641894
2024-03-01,-0.016656117931490178,-0.04754424330641894
2024-03-04,0.0008941015764952834,-0.04754424330641894
2024-03-05,0.0018511792914952668,-0.04754424330641894
2024-03-08,0.049235240903143164,-0.04754424330641894
2024-03-11,-0.0398415038914652,-0.04754424330641894
2024-03-12,-0.013138234800115167,-0.04754424330641894
2024-03-13,-0.04754424330641894,-0.0363307446175995
2024-03-14,0.021848969704397633,-0.0486480760686088
2024-03-15,0.07034286514911711,-0.0486480760686088
2024-03-18,0.008912952583957667,-0.0486480760686088
2024-03-19,0.006237249344992883,-0.0486480760686088
2024-03-22,-0.005210818149669251,-0.0486480760686088
2024-03-25,-0.0020049450263693665,-0.048677781046236684
2024-03-26,0.02061119243047955,-0.048677781046236684
2024-03-27,0.0017777355549050827,-0.048677781046236684
2024-03-28,-0.0363307446175995,-0.048677781046236684
2024-04-05,-0.02920218493134782,-0.048677781046236684
2024-04-08,-0.011606733698638948,-0.048677781046236684
2024-04-09,0.024454614678924486,-0.048677781046236684
2024-04-10,0.006233421908625216,-0.048677781046236684
2024-04-11,-0.025943309675646065,-0.048677781046236684
2024-04-12,0.0013787905855387264,-0.048677781046236684
2024-04-15,-0.034317888889235586,-0.06433611512837667
2024-04-16,-0.019908427342537467,-0.06433611512837667
2024-04-22,0.0010204263361381146,-0.06433611512837667
2024-04-23,0.01667353940789472,-0.06433611512837667
2024-04-24,0.0072854970176358174,-0.06433611512837667
2024-04-25,-0.0486480760686088,-0.06433611512837667
2024-04-26,0.1327828692769337,-0.06433611512837667
2024-04-29,-0.018939198849213346,-0.06433611512837667
2024-04-30,-0.024914455242061984,-0.06433611512837667
2024-05-03,0.01463764486485715,-0.06433611512837667
2024-05-08,-0.048677781046236684,-0.06433611512837667
2024-05-09,-0.0363796681438619,-0.06433611512837667
2024-05-10,0.020217506658702332,-0.08364323450723904
2024-05-13,0.0318288751145693,-0.08364323450723904
2024-05-14,-0.000770150502814883,-0.08364323450723904
2024-05-17,0.02495747100332145,-0.08364323450723904
2024-05-20,0.04696110009281675,-0.08364323450723904
2024-05-21,0.018712209655005935,-0.08364323450723904
2024-05-22,-0.009720437191268317,-0.08364323450723904
2024-05-23,-0.013041247437672815,-0.08364323450723904
2024-05-24,-0.06433611512837667,-0.08364323450723904
2024-05-31,0.05560662764396059,-0.08364323450723904
2024-06-03,0.06412147795614055,-0.08364323450723904
2024-06-04,-0.026194153483046986,-0.10110997567744451
2024-06-05,-0.01571213491130505,-0.125535071561954
2024-06-06,-0.04271896083922314,-0.125535071561954
2024-06-07,-0.011665672138964517,-0.125535071561954
2024-06-10,0.0135758316511116,-0.125535071561954
2024-06-11,0.03208443564907367,-0.125535071561954
2024-06-14,0.09918911797066138,-0.125535071561954
2024-06-17,-0.04457176847869964,-0.125535071561954
2024-06-18,0.010198935687795901,-0.125535071561954
2024-06-21,-0.08364323450723904,-0.125535071561954
2024-06-24,-0.042454773601321265,-0.125535071561954
2024-06-25,0.0081715434201524,-0.125535071561954
2024-06-28,-0.015072513223966117,-0.125535071561954
2024-07-01,0.01442577580015997,-0.125535071561954
2024-07-02,0.028174191851237634,-0.125535071561954
2024-07-03,0.040396736922722866,-0.125535071561954
2024-07-08,0.08673968201590328,-0.125535071561954
2024-07-09,-0.00029153190133951646,-0.125535071561954
2024-07-12,0.23926634064854255,-0.125535071561954
2024-07-15,-0.04510703001043994,-0.125535071561954
2024-07-16,-0.10110997567744451,-0.125535071561954
2024-07-17,-0.125535071561954,-0.08998282373230278
2024-07-18,-0.009215011317650233,-0.08998282373230278
2024-07-19,0.018265466540322267,-0.13059020541752378
2024-07-22,0.03770271519808865,-0.13059020541752378
2024-07-23,-0.03638807876831449,-0.13059020541752378
2024-07-26,0.051455013130591386,-0.13059020541752378
2024-07-29,-0.013012975575775382,-0.13059020541752378
2024-07-30,0.06962165865471305,-0.13059020541752378
2024-07-31,0.0670877868000559,-0.13059020541752378
2024-08-01,-0.04193607345811417,-0.13059020541752378
2024-08-02,-0.023705072856385265,-0.13059020541752378
2024-08-05,-0.08998282373230278,-0.13059020541752378
2024-08-06,-0.08259210476586519,-0.13059020541752378
2024-08-09,-0.008393100603901417,-0.13059020541752378
2024-08-12,0.03062850573050688,-0.13059020541752378
2024-08-13,0.0303746269878592,-0.13059020541752378
2024-08-14,-0.014901328629647131,-0.13059020541752378
2024-08-15,0.02258069498767737,-0.13059020541752378
2024-08-16,-0.05244348891045595,-0.13059020541752378
2024-08-19,-0.04516173501637962,-0.13059020541752378
2024-08-20,-0.025472612383135515,-0.13059020541752378
2024-08-23,0.09925112656976083,-0.13059020541752378
2024-08-28,-0.13059020541752378,-0.06717386972011179
2024-08-29,-0.041269777621581884,-0.06717386972011179
2024-08-30,-0.06717386972011179,-0.05653121008093622
2024-09-06,-0.03631305250593347,-0.05653121008093622
2024-09-09,0.05216326038089969,-0.05653121008093622
2024-09-10,0.03368397594881612,-0.05653121008093622
2024-09-11,0.016193285111642267,-0.05653121008093622
2024-09-12,-0.007605974024940701,-0.05653121008093622
2024-09-13,0.01396219483012315,-0.05653121008093622
2024-09-16,-0.0021223067978177,-0.05653121008093622
2024-09-17,0.007152416206685615,-0.05653121008093622
2024-09-20,-0.05653121008093622,-0.055309995870131946
2024-09-23,0.03263239849492863,-0.055309995870131946
2024-09-24,0.051286738166799684,-0.055309995870131946
2024-09-25,-0.00947212547732545,-0.055309995870131946
2024-09-26,-0.055309995870131946,-0.050097605786647216
2024-09-27,0.027547192486374567,-0.07568599522517318
2024-09-30,0.04426492553632408,-0.07568599522517318
2024-10-01,-0.03319196838049665,-0.07796611081082983
2024-10-04,0.0024901759834367633,-0.07796611081082983
2024-10-07,-0.013171806283301462,-0.07796611081082983
2024-10-08,-0.0396114151519253,-0.07796611081082983
2024-10-09,-0.025200105390376534,-0.07796611081082983
2024-10-10,-0.002492357085681334,-0.09756684407722638
2024-10-11,0.028058185373520884,-0.09756684407722638
2024-10-18,-0.03311689411644004,-0.09756684407722638
2024-10-21,0.018336722714112286,-0.09756684407722638
2024-10-22,-0.013658171328207501,-0.09756684407722638
2024-10-23,-0.010632546248294615,-0.09756684407722638
2024-10-24,0.013569207883727901,-0.09756684407722638
2024-10-25,0.015739607972293502,-0.09756684407722638
2024-10-28,-0.050097605786647216,-0.09756684407722638
2024-10-29,-0.012433197371254284,-0.09756684407722638
2024-11-04,-0.0164528199754967,-0.09756684407722638
2024-11-05,0.0791044623416821,-0.09756684407722638
2024-11-06,0.03073715076750792,-0.09756684407722638
2024-11-07,-0.07568599522517318,-0.09756684407722638
2024-11-08,-0.0584077283177147,-0.09756684407722638
2024-11-15,-0.07796611081082983,-0.09756684407722638
2024-11-18,0.04472502593953506,-0.12215655277984794
2024-11-19,0.009023761739995417,-0.12215655277984794
2024-11-20,0.05151352415814365,-0.12215655277984794
2024-11-21,0.08063546793009552,-0.12215655277984794
2024-11-22,-0.09756684407722638,-0.12215655277984794
2024-11-25,0.038760969438863084,-0.12215655277984794
2024-11-26,0.04980871530358639,-0.12215655277984794
2024-12-02,-0.022968231720252183,-0.12215655277984794
2024-12-03,-0.052256316539261334,-0.12215655277984794
2024-12-04,0.01167706154762465,-0.12215655277984794
2024-12-05,0.025447092325998785,-0.12215655277984794
2024-12-06,-0.09737771810285896,-0.12215655277984794
2024-12-09,0.0124045136687699,-0.12215655277984794
2024-12-10,0.01586093846857795,-0.15634023238667655
2024-12-13,-0.05445474144576815,-0.15634023238667655
2024-12-16,-0.03204137880483751,-0.15634023238667655
2024-12-17,0.00423823244355245,-0.15634023238667655
2024-12-18,0.007186591565456385,-0.15634023238667655
2024-12-19,0.016766715084215584,-0.15634023238667655
2024-12-20,0.12140491245424039,-0.15634023238667655
2024-12-23,-0.12215655277984794,-0.15634023238667655
2024-12-24,0.001131696722914751,-0.15634023238667655
2024-12-30,0.007466599838072653,-0.15634023238667655
2024-12-31,0.05760848173478708,-0.15634023238667655
2025-01-03,0.059955145483875504,-0.15634023238667655
2025-01-06,0.0750427288408552,-0.15634023238667655
2025-01-07,-0.0037330962251252643,-0.15634023238667655
2025-01-08,-0.03368963080551,-0.15634023238667655
2025-01-13,0.05840928838543417,-0.15634023238667655
2025-01-14,0.008430208134139767,-0.15634023238667655
2025-01-15,-0.002783338523355782,-0.15634023238667655
2025-01-16,-0.04222308331404807,-0.15634023238667655
2025-01-17,0.34737882698340083,-0.15634023238667655
2025-01-22,-0.15634023238667655,-0.12969070559913
2025-01-23,-0.061383668182036465,-0.12969070559913
2025-01-24,-0.0569254957091985,-0.12969070559913
2025-01-27,-0.04164867143161942,-0.12969070559913
2025-01-28,-0.024665464083324595,-0.12969070559913
2025-01-29,0.014516496516754698,-0.12969070559913
2025-01-30,-0.032634162185131925,-0.12969070559913
2025-01-31,0.0019207538910655658,-0.12969070559913
2025-02-03,0.03699883421757838,-0.12969070559913
2025-02-04,0.02942851744244428,-0.12969070559913
2025-02-05,-0.022858126050057635,-0.12969070559913
2025-02-06,-0.00999991198326495,-0.12969070559913
2025-02-07,0.04661578536989583,-0.12969070559913
2025-02-10,0.03673947440155358,-0.12969070559913
2025-02-11,0.025134453870438302,-0.12969070559913
2025-02-12,-0.046784422897556154,-0.12969070559913
2025-02-13,0.0326917189316017,-0.12969070559913
2025-02-14,0.04948918106962028,-0.12969070559913
2025-02-19,0.04191549250501051,-0.12969070559913
2025-02-20,-0.10909871985386001,-0.12969070559913
2025-02-21,-0.12969070559913,-0.06054357764853038
2025-02-24,-0.06054357764853038,-0.05519053993673386
2025-02-25,-0.05146949132027947,-0.05519053993673386
2025-02-26,0.0038845907220405166,-0.05519053993673386
2025-02-27,0.007260648652042119,-0.05519053993673386
2025-02-28,0.0563425275927299,-0.05519053993673386
2025-03-03,-0.051655337155006836,-0.05519053993673386
2025-03-04,0.0384544249620944,-0.05519053993673386
2025-03-05,0.014794501464888685,-0.05519053993673386
2025-03-06,0.003067300348967283,-0.05519053993673386
2025-03-07,-0.007728776418873716,-0.05519053993673386
2025-03-10,-0.05519053993673386,-0.053743434214151196
2025-03-11,0.02395288804098097,-0.053743434214151196
2025-03-12,0.01519732005947558,-0.053743434214151196
2025-03-13,-0.014869801217229235,-0.053743434214151196
2025-03-14,0.006855045817455367,-0.053743434214151196
2025-03-17,0.02526280819566722,-0.053743434214151196
2025-03-18,-0.009108299246180533,-0.053743434214151196
2025-03-19,0.01724473802774308,-0.053743434214151196
2025-03-20,0.0036691863193957165,-0.053743434214151196
2025-03-21,-0.010754888958644765,-0.053743434214151196
2025-03-24,0.03846139043732665,-0.053743434214151196
2025-03-25,-0.00583448584677605,-0.053743434214151196
2025-03-26,-0.01921978716497302,-0.053743434214151196
2025-03-27,-0.03408560370624538,-0.053743434214151196
2025-03-28,0.04520443122190993,-0.053743434214151196
2025-03-31,0.0086024029397972,-0.053743434214151196
2025-04-01,-0.004336571132299,-0.053743434214151196
2025-04-02,0.02319072876374545,-0.053743434214151196
2025-04-03,-0.053743434214151196,-0.11780423680183806
2025-04-04,-0.01072735311979997,-0.11780423680183806
2025-04-07,0.02795250226878884,-0.11780423680183806
2025-04-08,-0.029235343211430665,-0.11780423680183806
2025-04-09,-0.0346233046646589,-0.11780423680183806
2025-04-10,-0.014282976675187483,-0.11780423680183806
2025-04-11,-0.007969997544724617,-0.11780423680183806
2025-04-14,0.018923126195831797,-0.11780423680183806
2025-04-15,-0.03588579720847963,-0.11780423680183806
2025-04-23,0.011321058297285636,-0.11780423680183806
2025-04-24,-0.0007029576288590661,-0.11780423680183806
2025-04-25,-0.014626011845530482,-0.11780423680183806
2025-04-28,0.021948661109788232,-0.11780423680183806
2025-04-29,-2.116352817363414e-05,-0.11780423680183806
2025-05-02,-0.027299107773579218,-0.11780423680183806
2025-05-07,-0.019524951934853634,-0.11780423680183806
2025-05-08,-0.008231847256476398,-0.11780423680183806
2025-05-09,0.06548263652443885,-0.11780423680183806
2025-05-12,0.021024601017653965,-0.11780423680183806
2025-05-13,0.02390733579556988,-0.11780423680183806
2025-05-16,-0.11780423680183806,-0.06060673523544696
2025-05-19,-0.020063052397605766,-0.06060673523544696
2025-05-20,0.03623188515903763,-0.06060673523544696
2025-05-21,-0.02421248729847343,-0.06060673523544696
2025-05-22,-0.030792375278953118,-0.06060673523544696
2025-05-23,0.010252509666563383,-0.06060673523544696
2025-05-30,-0.026304657253040136,-0.06060673523544696
2025-06-02,0.005022658426202733,-0.06060673523544696
2025-06-03,0.07154026696438412,-0.06060673523544696
2025-06-04,0.0020947998751516513,-0.06060673523544696
2025-06-05,-0.008077942653695833,-0.08068559789164563
2025-06-06,-0.036824940648659134,-0.08068559789164563
2025-06-09,0.0465683269192515,-0.08068559789164563
2025-06-10,0.008647342861932599,-0.08068559789164563
2025-06-13,-0.01731877416608395,-0.08068559789164563
2025-06-16,0.056897041208930355,-0.08068559789164563
2025-06-17,0.030540503948409136,-0.08068559789164563
2025-06-18,0.024953845009294467,-0.191049353030691
2025-06-23,0.0009153444063470011,-0.191049353030691
2025-06-24,-0.06060673523544696,-0.191049353030691
2025-06-27,0.054826706335373086,-0.191049353030691
2025-06-30,-0.04422035648870779,-0.191049353030691
2025-07-01,-0.016689836812686282,-0.191049353030691
2025-07-02,0.037129661059271235,-0.191049353030691
2025-07-03,0.07184669203361709,-0.191049353030691
2025-07-08,-0.006985473578198067,-0.191049353030691
2025-07-11,0.014485056790075187,-0.191049353030691
2025-07-14,0.01793460241968475,-0.191049353030691
2025-07-15,0.020333425529843432,-0.191049353030691
2025-07-16,0.04499542381213031,-0.191049353030691
2025-07-17,-0.08068559789164563,-0.191049353030691
2025-07-18,-0.015578081911079816,-0.191049353030691
2025-07-21,-0.026514231222683902,-0.191049353030691
2025-07-22,0.0031474140994563996,-0.191049353030691
2025-07-25,0.0056050209626294185,-0.191049353030691
2025-07-28,0.08077256675627069,-0.191049353030691
2025-07-29,-0.0022312789249999154,-0.191049353030691
2025-07-30,-0.191049353030691,-0.08639683970357352
2025-07-31,-0.08072372763383374,-0.08639683970357352
2025-08-01,0.0016308649917351305,-0.08639683970357352
2025-08-04,-0.018136953386684095,-0.08639683970357352
2025-08-05,0.0044640051192384,-0.08639683970357352
2025-08-08,0.07062247268693339,-0.08639683970357352
2025-08-11,0.016960292524248417,-0.08639683970357352
2025-08-12,-0.025472027845442734,-0.08639683970357352
2025-08-13,0.004016581979144716,-0.08639683970357352
2025-08-14,0.0015841798613281997,-0.08639683970357352
2025-08-15,0.028161539556848816,-0.08639683970357352
2025-08-18,-0.08639683970357352,-0.051442328501176075
2025-08-19,-0.008592563529374452,-0.051442328501176075
2025-08-22,0.008114133292544167,-0.051442328501176075
2025-08-27,0.009358339000292799,-0.051442328501176075
2025-08-28,0.014296938924375452,-0.06484693575121149
2025-08-29,0.016308272467497918,-0.06484693575121149
2025-09-05,-0.051442328501176075,-0.06484693575121149
2025-09-08,0.023563856314523235,-0.06484693575121149
2025-09-09,0.02386173280490253,-0.06484693575121149
2025-09-10,0.02445382520094226,-0.06484693575121149
2025-09-11,-0.021308929505207966,-0.06484693575121149
2025-09-12,0.06250262301842975,-0.06484693575121149
2025-09-15,-0.023855997190350416,-0.06484693575121149
2025-09-16,0.010046957410600384,-0.06484693575121149
2025-09-19,-0.04276166354356973,-0.06484693575121149
2025-09-22,0.07009403223382214,-0.06484693575121149
2025-09-23,-0.026344996783572616,-0.06484693575121149
2025-09-24,0.02327389903323365,-0.06484693575121149
2025-09-25,0.01387265012171813,-0.06484693575121149
2025-09-26,0.025369547647848902,-0.06484693575121149
2025-09-29,-0.042895335289912497,-0.06484693575121149
2025-09-30,-0.04839664298512917,-0.06484693575121149
2025-10-03,0.09171822501643458,-0.06484693575121149
2025-10-06,-0.013260876305855434,-0.06484693575121149
2025-10-07,-0.06484693575121149,-0.0397459210383738
2025-10-08,-0.0013725038265105661,-0.0397459210383738
2025-10-09,-0.0397459210383738,-0.038454410619959835
2025-10-10,-0.00425400808200295,-0.038454410619959835
2025-10-17,0.0012197276427438509,-0.038454410619959835
2025-10-20,0.0188583403333504,-0.03879538072856938
2025-10-21,0.02200468188179296,-0.03879538072856938
2025-10-22,0.028914576597866466,-0.03879538072856938
2025-10-23,0.03777608605380773,-0.03879538072856938
2025-10-24,-0.013971306975784135,-0.03879538072856938
2025-10-27,0.01581849897871988,-0.03879538072856938
2025-10-28,-0.011587167391908767,-0.0933459656266542
2025-10-31,0.008024871545391034,-0.0933459656266542
2025-11-03,-0.021099599048456597,-0.10362190236692785
2025-11-04,-0.038454410619959835,-0.10655222494046084
2025-11-05,0.045423361526078586,-0.10655222494046084
2025-11-06,-0.0011741953073947664,-0.10655222494046084
2025-11-07,0.07468156084772214,-0.10655222494046084
2025-11-10,0.01236612666291925,-0.10655222494046084
2025-11-17,0.029308926931515933,-0.10655222494046084
2025-11-18,0.014658321736983818,-0.10655222494046084
2025-11-19,-0.00074703387423075,-0.10655222494046084
2025-11-20,-0.0340379064209421,
2025-11-21,-0.0353300383293545,
2025-11-24,-0.005276739469336103,
2025-11-25,-0.03879538072856938,
2025-12-02,-0.02670257866193901,
2025-12-03,0.0010344278767563996,
2025-12-04,0.04205665013402813,
2025-12-05,0.03361177622905512,
2025-12-08,0.018391556667285185,
2025-12-09,-0.0933459656266542,
2025-12-12,0.09691120961496313,
2025-12-15,-0.10362190236692785,
2025-12-16,-0.10655222494046084,
2025-12-17,-0.019648945893123698,
2025-12-18,0.008640812132943584,
2025-12-19,0.03549623333326623,
2025-12-22,-0.03188470336331081,
2025-12-23,-0.06141892924004946,
2025-12-30,-0.020359107613915534,
2025-12-31,0.014495515535073784,
