date,brent,cels,henry_hub,pjm_west,rbob,wti
2021-01-04,50.37,925.7707,2.6,27.21,1.534,47.47
2021-01-05,53.16,946.6182,2.77,34.42,1.608,49.78
2021-01-06,53.8,1006.79,2.76,27.84,1.621,50.45
2021-01-07,53.7,1074.58,2.81,30.08,1.625,50.63
2021-01-08,55.51,1091.9,2.77,31.63,1.659,52.14
2021-01-11,54.84,1083.92,2.71,28.25,1.631,52.15
2021-01-12,55.98,1120.02,2.89,26.38,1.65,53.08
2021-01-13,55.52,1119.21,2.82,26.35,1.643,52.81
2021-01-14,55.76,1118.4,2.82,27.16,1.631,53.47
2021-01-15,54.8,1055.38,2.86,31.75,1.596,52.25
2021-01-18,54.21,,,27.04,,
2021-01-19,55.38,1107.43,2.65,28.07,1.615,52.87
2021-01-20,55.66,1093.68,2.57,23.84,1.603,53.16
2021-01-21,55.68,1121.08,2.49,24.06,1.623,53.0
2021-01-22,55.22,1133.43,2.45,27.8,1.708,52.28
2021-01-25,55.44,1115.47,2.63,26.5,1.733,52.78
2021-01-26,55.26,1121.04,2.73,28.87,1.744,52.61
2021-01-27,55.07,1069.13,2.77,36.43,1.727,52.81
2021-01-28,54.87,1080.29,2.76,43.28,1.738,52.26
2021-01-29,55.25,1044.18,2.68,32.97,1.728,52.16
2021-02-01,56.42,1078.84,2.88,33.23,1.74,53.55
2021-02-02,57.62,1090.23,3.24,33.27,1.77,54.77
2021-02-03,58.61,1099.76,3.01,29.5,1.767,55.67
2021-02-04,58.98,1099.98,2.99,26.97,1.764,56.19
2021-02-05,59.48,1105.59,3.49,40.43,1.772,56.8
2021-02-08,60.17,1137.81,3.4,37.52,1.799,57.95
2021-02-09,60.74,1152.37,3.35,37.19,1.793,58.34
2021-02-10,61.17,1127.11,3.76,40.03,1.756,58.69
2021-02-11,61.09,1134.39,6.5,48.83,1.762,58.22
2021-02-12,62.47,1137.78,6.12,61.5,1.722,59.5
2021-02-15,63.58,,,87.42,,
2021-02-16,63.96,1105.63,11.32,132.38,1.78,60.07
2021-02-17,65.02,1077.59,23.86,169.92,1.816,61.09
2021-02-18,64.09,1021.15,8.56,78.36,1.781,60.4
2021-02-19,62.84,1057.0,4.96,39.66,1.862,59.12
2021-02-22,64.73,985.0563,3.16,29.01,1.922,61.67
2021-02-23,65.16,966.3295,2.94,23.79,1.947,61.66
2021-02-24,66.85,1006.4,2.8,23.92,1.964,63.21
2021-02-25,66.69,932.2645,2.72,23.9,1.962,63.43
2021-02-26,65.86,955.2232,2.66,25.47,1.947,61.55
2021-03-01,64.56,1005.24,2.7,33.81,2.009,60.54
2021-03-02,63.17,958.7829,2.87,28.61,1.985,59.7
2021-03-03,64.7,906.8527,2.86,27.7,1.985,61.33
2021-03-04,67.32,856.1342,2.79,29.23,2.054,63.81
2021-03-05,69.95,845.084,2.72,28.23,2.125,66.08
2021-03-08,68.0,811.5774,2.67,22.0,2.078,65.03
2021-03-09,67.03,889.092,2.62,21.07,2.07,64.02
2021-03-10,67.53,893.7404,2.62,21.05,2.117,64.45
2021-03-11,69.34,955.7407,2.7,23.84,2.174,66.02
2021-03-12,68.87,949.2154,2.65,33.5,2.196,65.59
2021-03-15,68.78,956.34,2.58,31.99,2.166,65.36
2021-03-16,67.95,927.3709,2.5,26.45,2.175,64.82
2021-03-17,67.73,925.6768,2.6,25.81,2.125,64.55
2021-03-18,62.11,869.1716,2.45,29.52,1.998,59.95
2021-03-19,64.0,888.5314,2.53,27.0,2.02,61.43
2021-03-22,63.89,903.7889,2.55,24.34,2.033,61.48
2021-03-23,59.96,870.5047,2.56,28.27,1.95,57.75
2021-03-24,63.7,832.516,2.56,26.63,2.051,61.12
2021-03-25,61.21,845.1942,2.52,27.98,1.986,58.47
2021-03-26,63.77,860.8411,2.52,30.22,2.043,60.93
2021-03-29,64.06,821.4847,2.58,25.99,2.088,61.49
2021-03-30,63.28,860.1938,2.55,25.39,2.063,60.55
2021-03-31,63.52,896.3543,2.52,31.87,2.031,59.19
2021-04-01,63.85,904.2593,2.52,31.86,2.092,61.41
2021-04-02,,,,,,
2021-04-05,,890.2734,2.43,26.91,2.045,58.73
2021-04-06,61.47,902.1049,2.44,28.44,2.044,59.34
2021-04-07,61.86,864.8746,2.43,27.93,2.005,59.77
2021-04-08,62.09,877.2609,2.47,24.63,2.017,59.61
2021-04-09,61.89,870.1204,2.48,27.75,2.041,59.29
2021-04-12,62.38,858.9878,2.5,27.11,2.04,59.7
2021-04-13,62.83,868.9102,2.57,29.42,2.05,60.2
2021-04-14,66.11,859.6706,2.65,31.25,2.098,63.15
2021-04-15,66.13,842.3178,2.62,33.39,2.145,63.42
2021-04-16,65.98,856.45,2.63,,2.134,63.16
2021-04-19,66.54,832.7899,2.75,33.13,2.142,63.33
2021-04-20,65.34,821.3564,2.76,37.16,2.11,62.61
2021-04-21,64.02,854.9584,2.72,35.6,2.066,61.34
2021-04-22,65.07,863.4339,2.77,31.31,2.078,61.45
2021-04-23,65.75,891.7722,2.79,29.03,2.122,62.18
2021-04-26,65.5,915.2921,2.73,30.7,2.104,62.02
2021-04-27,66.25,901.9023,2.91,,2.147,63.03
2021-04-28,67.08,883.5485,2.98,37.0,2.189,63.81
2021-04-29,68.26,862.1372,2.91,27.03,2.221,65.0
2021-04-30,67.73,847.1888,2.86,31.16,2.19,63.5
2021-05-03,,827.8517,2.96,44.54,2.22,64.46
2021-05-04,68.91,792.4943,3.0,33.81,2.275,65.72
2021-05-05,69.71,788.0096,2.99,26.67,2.262,65.63
2021-05-06,68.62,773.3338,2.9,28.15,2.242,64.73
2021-05-07,68.73,786.0964,2.9,32.45,2.266,64.96
2021-05-10,68.61,744.5717,2.93,31.92,2.255,64.92
2021-05-11,68.83,753.1716,2.91,27.63,2.252,65.31
2021-05-12,69.62,718.7021,2.91,29.66,2.262,65.96
2021-05-13,67.36,712.6481,2.95,27.0,2.148,63.82
2021-05-14,69.24,738.2247,2.95,28.38,2.186,65.32
2021-05-17,69.62,738.2247,2.99,30.98,2.23,66.24
2021-05-18,69.01,748.4021,2.96,35.23,2.238,65.49
2021-05-19,66.88,759.0165,2.88,40.03,2.185,63.28
2021-05-20,65.18,780.7431,2.86,43.12,2.151,61.95
2021-05-21,66.72,784.5158,2.84,33.38,2.226,63.61
2021-05-24,68.59,788.7419,2.78,31.26,2.268,66.13
2021-05-25,68.8,784.0704,2.87,39.55,2.242,66.27
2021-05-26,68.93,808.799,2.91,33.82,2.282,66.41
2021-05-27,69.43,819.3877,2.85,27.98,2.287,66.87
2021-05-28,69.36,817.1108,2.91,28.0,2.304,66.31
2021-05-31,,,,,,
2021-06-01,70.03,826.1233,3.02,26.9,2.34,67.8
2021-06-02,70.6,822.1224,3.09,29.73,2.353,68.79
2021-06-03,70.71,805.206,3.01,33.79,2.366,68.81
2021-06-04,71.3,819.327,3.01,45.93,2.349,69.57
2021-06-07,70.89,828.9801,2.98,43.36,2.29,69.21
2021-06-08,71.39,840.1825,3.11,41.23,2.306,70.11
2021-06-09,71.31,830.0118,3.13,37.01,2.277,69.9
2021-06-10,71.65,834.4501,3.13,32.63,2.292,70.34
2021-06-11,72.05,847.0596,3.23,34.75,2.261,71.0
2021-06-14,72.27,848.5563,3.36,29.23,2.298,70.94
2021-06-15,73.38,825.743,3.31,28.37,2.262,72.06
2021-06-16,73.88,833.2471,3.25,28.45,2.233,72.03
2021-06-17,72.92,850.4665,3.24,32.86,2.186,71.06
2021-06-18,73.1,838.2403,3.23,40.41,2.254,71.64
2021-06-21,74.49,838.0312,3.15,27.95,2.282,73.64
2021-06-22,74.92,843.356,3.21,27.0,2.34,73.15
2021-06-23,75.22,861.31,3.36,,2.366,73.11
2021-06-24,75.95,865.212,3.3,,2.378,73.31
2021-06-25,76.45,869.3218,3.4,51.38,2.362,74.21
2021-06-28,74.78,910.4674,3.62,65.05,2.322,72.98
2021-06-29,75.38,907.6223,3.75,67.48,2.361,73.14
2021-06-30,76.94,905.0217,3.79,40.32,2.359,73.52
2021-07-01,76.69,896.6369,3.76,30.13,2.37,75.33
2021-07-02,77.51,894.3412,3.67,54.04,2.398,75.37
2021-07-05,78.34,,,,,
2021-07-06,75.81,893.0,3.68,56.0,2.326,73.62
2021-07-07,74.31,865.8927,3.66,36.71,2.293,72.22
2021-07-08,75.07,854.7618,3.56,36.45,2.332,72.98
2021-07-09,77.14,866.1257,3.71,43.95,2.359,74.56
2021-07-12,76.77,880.312,3.7,44.99,2.33,74.21
2021-07-13,77.5,864.485,3.78,46.13,2.367,75.24
2021-07-14,75.74,832.5824,3.8,49.63,2.358,73.06
2021-07-15,74.53,824.9604,3.68,44.45,2.321,71.67
2021-07-16,74.46,810.005,3.7,,2.32,71.76
2021-07-19,69.33,807.7898,3.75,45.58,2.192,66.45
2021-07-20,70.03,834.0953,3.82,43.09,2.224,67.32
2021-07-21,72.54,867.214,3.94,37.57,2.305,70.26
2021-07-22,74.25,855.9797,4.02,41.03,2.364,72.15
2021-07-23,74.86,840.77,4.11,52.27,2.412,72.24
2021-07-26,74.79,838.363,4.09,53.03,2.439,72.15
2021-07-27,74.87,812.5913,4.15,50.96,2.446,71.68
2021-07-28,75.09,845.2124,4.1,44.01,2.445,72.37
2021-07-29,76.3,859.1996,4.03,38.66,2.492,73.62
2021-07-30,77.72,874.2462,3.94,,2.486,73.93
2021-08-02,73.91,878.2395,4.02,38.55,2.411,71.31
2021-08-03,73.24,890.9165,4.06,41.46,2.397,70.64
2021-08-04,70.99,886.0241,4.2,45.0,2.333,68.19
2021-08-05,72.14,886.2527,4.27,53.61,2.387,69.1
2021-08-06,71.02,877.7015,4.21,63.0,2.34,68.26
2021-08-09,69.65,895.9369,4.24,55.31,2.31,66.56
2021-08-10,71.14,900.0981,4.12,60.08,2.334,68.33
2021-08-11,71.99,889.3501,4.07,73.79,2.374,69.3
2021-08-12,71.79,884.2602,4.1,54.17,2.364,69.12
2021-08-13,70.9,864.8591,3.95,42.41,2.338,68.36
2021-08-16,70.07,841.2286,3.93,43.0,2.281,67.44
2021-08-17,69.4,825.1201,3.92,46.91,2.25,66.5
2021-08-18,68.61,826.6396,3.86,54.13,2.193,65.36
2021-08-19,66.8,809.6024,3.83,45.03,2.142,63.69
2021-08-20,65.51,824.7854,3.94,53.64,2.068,62.25
2021-08-23,69.07,851.2638,3.93,67.63,2.211,65.65
2021-08-24,71.21,859.9799,3.95,81.5,2.241,67.5
2021-08-25,72.12,865.2393,4.03,77.0,2.511,68.54
2021-08-26,70.42,856.107,4.07,61.43,2.481,67.42
2021-08-27,72.26,870.4727,4.35,60.0,2.485,68.84
2021-08-30,,875.2961,4.25,49.92,2.49,69.28
2021-08-31,73.45,875.2608,4.33,40.48,2.453,68.43
2021-09-01,71.99,879.4854,4.45,40.05,2.278,68.63
2021-09-02,73.56,889.0702,4.65,38.05,2.307,70.07
2021-09-03,73.07,879.2144,4.77,45.31,2.289,69.34
2021-09-06,72.43,,,,,
2021-09-07,71.52,878.8522,4.71,46.07,2.29,68.49
2021-09-08,72.36,858.3092,4.66,42.63,2.222,69.36
2021-09-09,71.32,862.6064,4.97,43.51,2.199,68.26
2021-09-10,72.44,852.7615,5.13,80.12,2.152,69.82
2021-09-13,72.97,857.4583,5.21,80.44,2.171,70.54
2021-09-14,73.05,852.9422,5.39,68.98,2.229,70.53
2021-09-15,74.84,855.4436,5.66,64.02,2.153,72.59
2021-09-16,75.14,851.0891,5.52,73.08,2.129,72.69
2021-09-17,74.64,860.253,5.32,71.13,2.165,72.09
2021-09-20,73.59,822.6197,5.25,54.26,2.148,70.41
2021-09-21,73.65,826.9033,4.96,48.29,2.175,70.51
2021-09-22,75.5,844.4043,4.92,46.0,2.177,72.37
2021-09-23,76.44,851.3156,4.94,41.87,2.349,73.43
2021-09-24,77.42,838.9995,5.1,48.69,2.355,74.18
2021-09-27,78.85,852.6779,5.53,56.73,2.369,75.54
2021-09-28,78.3,824.7976,5.94,58.93,2.329,75.44
2021-09-29,77.86,813.2003,5.73,56.79,2.362,75.06
2021-09-30,77.81,818.4452,5.58,58.34,2.399,75.22
2021-10-01,79.4,822.7817,5.61,74.15,2.391,76.01
2021-10-04,81.44,795.7887,5.8,85.35,2.417,77.68
2021-10-05,82.72,804.4277,6.37,77.38,2.456,79.17
2021-10-06,81.39,806.2748,6.0,79.82,2.408,77.66
2021-10-07,82.34,828.2805,5.71,79.74,2.385,78.46
2021-10-08,82.17,821.2501,5.46,90.0,2.405,79.55
2021-10-11,83.75,832.582,5.46,62.03,2.405,80.64
2021-10-12,83.53,853.8806,5.34,66.3,2.462,80.75
2021-10-13,83.53,874.2836,5.56,79.41,2.494,80.67
2021-10-14,83.86,875.8322,5.92,84.23,2.528,81.43
2021-10-15,84.67,878.7147,5.44,61.0,2.604,82.39
2021-10-18,84.13,896.2112,5.01,61.75,2.615,82.62
2021-10-19,85.02,914.2674,4.81,61.53,2.61,83.19
2021-10-20,85.76,906.4064,4.87,57.32,2.641,84.4
2021-10-21,84.58,915.0656,4.94,57.69,2.602,82.64
2021-10-22,85.43,903.5294,5.1,,2.671,84.53
2021-10-25,84.85,945.2205,5.72,70.13,2.691,84.64
2021-10-26,85.11,931.7904,5.59,65.21,2.636,85.64
2021-10-27,84.12,949.3168,5.91,,2.566,82.66
2021-10-28,83.4,998.792,5.68,63.96,2.583,82.78
2021-10-29,83.1,1012.5,5.49,71.33,2.662,83.5
2021-11-01,84.51,1054.27,5.22,81.63,2.597,84.08
2021-11-02,84.42,1045.43,5.33,91.2,2.601,83.91
2021-11-03,81.1,1052.66,5.59,97.15,2.501,80.82
2021-11-04,80.15,1065.13,5.73,105.93,2.45,78.88
2021-11-05,82.43,1052.75,5.51,73.0,2.465,81.25
2021-11-08,83.22,1069.38,5.53,59.53,2.497,81.96
2021-11-09,84.52,1036.96,5.08,61.63,2.625,84.12
2021-11-10,82.91,1018.74,4.56,56.53,2.55,81.23
2021-11-11,83.4,1058.71,4.81,54.05,2.566,81.47
2021-11-12,82.9,1066.01,4.97,81.43,2.64,80.87
2021-11-15,81.94,1049.49,4.77,66.91,2.669,80.85
2021-11-16,82.85,1059.48,5.11,0.0,2.683,80.76
2021-11-17,80.67,1050.55,4.82,60.86,2.628,78.32
2021-11-18,82.45,1034.04,4.95,79.0,2.555,78.92
2021-11-19,80.24,1057.6,4.9,83.6,2.505,76.11
2021-11-22,80.97,1050.76,4.83,95.35,2.548,76.74
2021-11-23,83.43,1034.51,4.95,71.5,2.579,78.32
2021-11-24,82.37,1041.17,4.93,59.75,2.56,78.32
2021-11-25,82.05,,,,,
2021-11-26,72.37,1006.71,,,,
2021-11-29,73.34,1031.62,4.9,72.27,2.235,69.88
2021-11-30,70.86,1008.21,4.52,64.6,2.155,66.14
2021-12-01,69.53,971.673,4.31,51.63,2.125,65.44
2021-12-02,70.56,966.7072,4.08,51.32,2.2,66.6
2021-12-03,70.71,918.7635,3.79,51.98,2.179,66.39
2021-12-06,73.38,918.8202,3.66,57.33,2.283,69.62
2021-12-07,75.54,956.4255,3.6,61.72,2.34,71.94
2021-12-08,75.94,965.6651,3.79,61.9,2.317,72.43
2021-12-09,74.1,930.2965,3.67,40.92,2.27,70.87
2021-12-10,74.98,930.4828,3.65,46.14,2.303,71.71
2021-12-13,74.12,911.4473,4.05,42.82,2.288,71.19
2021-12-14,73.37,884.8516,3.71,36.03,2.251,70.57
2021-12-15,73.71,892.8776,3.79,,2.292,70.89
2021-12-16,74.64,856.7415,3.67,37.82,2.316,72.34
2021-12-17,72.97,863.2176,3.71,55.76,2.271,70.93
2021-12-20,70.51,821.9936,3.91,,2.234,68.69
2021-12-21,72.85,863.49,3.96,53.36,2.282,71.1
2021-12-22,74.69,870.9913,3.95,45.98,2.287,72.82
2021-12-23,76.26,881.2702,3.56,31.22,2.372,73.89
2021-12-24,75.24,,,,,
2021-12-27,,891.7922,3.45,32.86,2.428,75.49
2021-12-28,,880.3251,3.32,32.0,2.468,76.01
2021-12-29,78.63,873.1606,3.4,31.25,2.492,76.58
2021-12-30,78.61,892.5512,3.82,30.19,2.487,76.83
2021-12-31,77.24,889.4333,3.82,52.71,2.439,75.33
2022-01-03,78.25,917.5124,3.74,59.51,2.452,75.99
2022-01-04,79.39,904.0414,3.73,52.79,2.491,77.0
2022-01-05,80.6,852.886,3.78,64.85,2.482,77.83
2022-01-06,81.99,842.7493,3.94,98.32,2.506,79.47
2022-01-07,82.28,832.1486,3.83,75.47,2.491,79.0
2022-01-10,81.56,824.6249,4.16,86.24,2.468,78.11
2022-01-11,84.98,844.5361,4.16,54.35,2.536,81.17
2022-01-12,85.83,854.2468,4.62,47.17,2.572,82.51
2022-01-13,85.8,827.3582,4.78,62.61,2.569,81.97
2022-01-14,87.17,831.7519,4.37,,2.56,83.82
2022-01-17,87.82,,,87.43,,
2022-01-18,88.83,799.8909,4.55,57.76,2.512,85.42
2022-01-19,89.64,776.5377,4.89,86.98,2.509,86.84
2022-01-20,89.75,767.418,4.45,140.61,2.458,86.29
2022-01-21,89.75,735.1944,4.11,86.75,2.339,85.16
2022-01-24,87.74,736.0596,4.2,56.55,2.565,84.48
2022-01-25,89.49,711.7464,4.24,106.86,2.613,86.61
2022-01-26,91.22,710.5943,4.43,84.48,2.673,88.33
2022-01-27,90.7,677.7708,4.43,62.87,2.703,87.61
2022-01-28,91.47,685.8735,5.69,88.09,2.718,87.67
2022-01-31,92.35,748.4312,5.56,70.98,2.734,89.16
2022-02-01,90.24,756.6705,5.45,53.63,2.756,88.22
2022-02-02,91.43,742.489,6.7,64.79,2.777,88.16
2022-02-03,92.99,709.4538,5.84,65.71,2.776,90.17
2022-02-04,96.86,729.4624,5.34,75.67,2.816,92.27
2022-02-07,97.28,733.8999,4.44,54.48,2.81,91.25
2022-02-08,96.07,752.0362,4.3,,2.704,89.32
2022-02-09,94.95,786.2575,4.13,40.25,2.735,89.57
2022-02-10,96.37,765.4188,4.03,35.33,2.679,89.83
2022-02-11,97.5,737.7628,4.04,64.3,2.837,93.1
2022-02-14,101.66,736.4474,4.05,57.78,2.854,95.52
2022-02-15,98.43,783.1456,4.31,38.1,2.789,92.07
2022-02-16,97.44,785.3425,4.39,35.58,2.715,93.83
2022-02-17,95.28,744.9198,4.57,45.95,2.773,91.78
2022-02-18,96.18,726.9564,4.61,45.36,2.778,91.26
2022-02-21,98.95,,,39.4,,
2022-02-22,98.73,701.6169,4.48,46.32,2.923,92.11
2022-02-23,99.29,682.2022,4.59,64.0,2.798,92.14
2022-02-24,101.29,732.5006,4.78,64.24,3.013,92.77
2022-02-25,98.56,745.1784,4.63,67.57,2.982,91.68
2022-02-28,103.08,781.2556,4.46,40.03,3.024,96.13
2022-03-01,110.93,769.4896,4.36,38.22,3.212,103.66
2022-03-02,118.94,772.1762,4.65,47.36,3.431,110.74
2022-03-03,115.36,750.2895,4.63,52.99,3.425,107.69
2022-03-04,123.86,733.6078,4.74,45.77,3.696,115.77
2022-03-07,129.02,726.1932,4.93,51.79,3.76,119.26
2022-03-08,133.18,765.3454,4.61,58.44,4.105,123.64
2022-03-09,116.58,788.791,4.55,57.54,3.731,108.81
2022-03-10,114.54,773.9569,4.65,45.5,3.599,105.93
2022-03-11,118.11,748.2968,4.79,55.21,3.779,109.31
2022-03-14,110.39,703.8694,4.59,44.38,3.571,103.22
2022-03-15,105.14,731.0126,4.46,41.34,3.988,96.42
2022-03-16,104.61,778.1012,4.68,44.36,4.002,94.85
2022-03-17,113.5,791.8139,4.8,41.25,4.058,102.97
2022-03-18,114.32,811.6955,4.87,42.45,4.093,104.69
2022-03-21,122.29,806.9202,4.77,42.8,4.119,112.14
2022-03-22,121.53,830.3032,5.0,47.5,4.058,111.03
2022-03-23,127.52,825.8922,5.26,,4.175,114.89
2022-03-24,123.98,848.4167,5.19,,4.107,114.2
2022-03-25,122.67,834.3333,5.51,,3.948,116.2
2022-03-28,114.5,846.2287,5.52,,3.681,107.55
2022-03-29,112.79,868.552,5.32,,3.653,104.25
2022-03-30,115.59,852.5063,5.32,,3.501,107.81
2022-03-31,107.29,844.994,5.46,,3.339,100.53
2022-04-01,106.13,849.1307,5.43,,3.371,99.32
2022-04-04,108.15,880.519,5.72,,3.447,103.29
2022-04-05,106.6,841.1546,5.95,,3.34,101.98
2022-04-06,100.81,813.3506,6.29,74.97,3.199,96.39
2022-04-07,99.83,807.0767,6.05,,3.182,96.05
2022-04-08,101.26,786.4182,6.38,82.46,3.261,98.35
2022-04-11,97.92,773.7347,6.35,76.25,3.153,94.22
2022-04-12,104.42,769.5362,6.59,77.91,3.276,100.52
2022-04-13,108.49,791.718,6.68,76.18,3.354,104.26
2022-04-14,110.83,772.245,6.94,66.93,3.425,106.84
2022-04-15,,,,,,
2022-04-18,,769.8231,7.48,101.85,3.395,108.24
2022-04-19,105.49,791.3946,7.44,83.35,3.323,102.54
2022-04-20,105.05,762.38,7.12,72.4,3.4,102.56
2022-04-21,107.2,721.8118,6.88,73.0,3.45,103.89
2022-04-22,105.15,707.6943,6.59,81.75,3.485,102.86
2022-04-25,99.27,713.7553,6.42,80.6,3.45,99.6
2022-04-26,102.89,679.0638,6.89,80.5,3.531,102.62
2022-04-27,103.3,686.285,6.91,74.76,3.617,101.96
2022-04-28,105.78,698.2274,6.97,64.0,3.753,105.47
2022-04-29,108.36,682.9235,6.84,87.23,3.74,104.59
2022-05-02,,700.3004,7.3,94.36,3.767,105.18
2022-05-03,104.94,713.2854,7.84,107.33,3.783,102.53
2022-05-04,110.53,757.6052,8.3,96.65,3.925,107.84
2022-05-05,112.11,716.9646,8.42,86.4,3.926,108.17
2022-05-06,113.86,696.4083,8.35,85.0,4.08,109.72
2022-05-09,106.67,640.4178,8.06,78.09,3.868,103.08
2022-05-10,102.61,640.3052,6.78,,3.778,99.74
2022-05-11,107.7,602.443,7.53,113.2,3.95,105.5
2022-05-12,108.06,610.1663,7.25,94.1,4.082,106.15
2022-05-13,112.12,654.5812,7.75,,4.303,110.52
2022-05-16,114.86,641.0928,8.07,84.85,4.36,114.07
2022-05-17,112.89,680.5615,8.26,88.58,4.138,112.31
2022-05-18,110.04,662.5492,8.53,141.0,3.954,109.67
2022-05-19,113.22,680.9917,8.21,170.36,4.062,112.21
2022-05-20,113.63,675.0978,7.97,,3.983,112.63
2022-05-23,115.13,679.7959,8.16,73.99,3.922,110.32
2022-05-24,115.77,656.7684,8.87,82.33,3.929,112.55
2022-05-25,116.41,669.4296,9.44,92.6,4.122,112.88
2022-05-26,119.81,705.1804,9.19,92.58,4.143,116.19
2022-05-27,121.19,740.7321,8.3,152.09,4.314,114.96
2022-05-30,123.01,,,,,
2022-05-31,125.53,729.5155,8.46,122.09,4.332,114.38
2022-06-01,122.2,711.8981,8.47,98.31,4.417,115.26
2022-06-02,,752.3989,8.9,86.45,4.567,116.88
2022-06-03,125.68,736.5268,8.34,90.69,4.654,118.97
2022-06-06,124.99,759.8728,9.08,95.44,4.585,118.41
2022-06-07,126.89,766.4541,9.28,109.65,4.492,119.55
2022-06-08,129.2,757.2705,9.43,104.35,4.619,121.94
2022-06-09,128.47,734.2922,8.16,83.76,4.579,121.52
2022-06-10,127.44,713.4725,8.78,122.11,4.48,120.73
2022-06-13,128.44,659.2694,9.0,177.56,4.343,120.92
2022-06-14,127.02,667.9217,7.68,186.21,4.292,118.92
2022-06-15,124.96,689.1912,7.72,212.5,4.145,115.32
2022-06-16,125.78,641.8395,7.88,189.35,4.146,117.56
2022-06-17,119.22,673.5448,7.37,107.48,4.068,109.56
2022-06-20,118.25,,,110.35,,
2022-06-21,118.51,697.245,6.6,119.55,4.068,110.49
2022-06-22,115.54,692.6371,6.76,90.55,4.065,106.22
2022-06-23,114.5,707.5226,6.54,101.56,4.021,105.75
2022-06-24,117.36,725.8567,5.8,99.36,4.15,109.07
2022-06-27,119.69,730.7769,6.09,83.22,4.095,111.44
2022-06-28,122.21,700.5448,6.66,95.39,4.132,113.66
2022-06-29,120.8,678.5778,6.69,129.88,3.974,111.65
2022-06-30,119.78,683.0585,6.54,123.75,3.783,107.76
2022-07-01,119.21,677.9545,5.75,119.35,3.887,110.3
2022-07-04,121.8,,,,,
2022-07-05,110.49,682.1606,5.72,120.43,3.397,101.55
2022-07-06,108.54,673.716,5.65,106.79,3.253,100.31
2022-07-07,113.4,713.66,5.83,106.2,3.342,104.62
2022-07-08,113.95,723.8984,6.4,99.69,3.39,106.78
2022-07-11,114.85,686.9493,6.82,113.96,3.443,106.09
2022-07-12,106.98,675.466,6.81,107.73,3.208,97.69
2022-07-13,107.17,681.0669,6.68,104.0,3.249,98.44
2022-07-14,107.74,684.0958,6.9,91.13,3.204,97.79
2022-07-15,112.26,681.0209,6.6,105.53,3.299,99.59
2022-07-18,117.27,690.6579,7.65,142.99,3.352,104.48
2022-07-19,114.96,708.5573,7.35,165.06,3.338,106.12
2022-07-20,115.86,723.8797,7.58,165.08,3.261,104.45
2022-07-21,112.81,734.1308,7.99,150.31,3.154,98.44
2022-07-22,106.77,713.5901,8.25,146.8,3.216,97.71
2022-07-25,108.23,721.8181,8.52,107.11,3.371,99.83
2022-07-26,107.32,708.4556,9.46,121.33,3.35,97.74
2022-07-27,109.64,748.4292,8.65,123.19,3.339,100.03
2022-07-28,109.68,792.3638,8.75,107.65,3.278,99.11
2022-07-29,111.51,814.3245,8.33,115.93,3.262,101.31
2022-08-01,106.09,804.7493,8.2,124.53,3.155,96.59
2022-08-02,106.51,821.4949,8.01,137.81,3.209,97.14
2022-08-03,101.82,820.0993,7.81,136.19,3.087,93.25
2022-08-04,97.99,831.7433,8.4,125.54,2.919,91.29
2022-08-05,100.31,834.8699,8.3,130.88,2.987,91.77
2022-08-08,103.46,837.5829,7.76,155.84,3.016,93.52
2022-08-09,103.81,821.3745,7.87,121.1,3.168,93.18
2022-08-10,105.06,867.0816,7.86,105.11,3.244,94.68
2022-08-11,107.19,860.0666,8.53,86.18,3.229,97.02
2022-08-12,103.7,892.1067,8.73,86.71,3.247,94.86
2022-08-15,98.25,895.0813,8.62,98.14,3.163,92.24
2022-08-16,95.36,878.4869,9.28,100.6,3.123,89.23
2022-08-17,97.22,861.5796,9.51,105.74,3.169,90.85
2022-08-18,96.35,880.3988,9.42,116.5,3.272,93.2
2022-08-19,96.45,848.0988,9.14,106.19,3.223,93.55
2022-08-22,95.06,831.9856,9.85,115.94,3.105,93.42
2022-08-23,99.49,838.1466,9.75,134.38,3.143,96.46
2022-08-24,99.87,860.2713,9.27,126.46,3.044,95.52
2022-08-25,98.81,886.7519,9.47,115.52,3.029,93.33
2022-08-26,101.13,858.3788,9.48,147.32,3.101,93.63
2022-08-29,,847.7117,9.24,140.63,3.153,97.4
2022-08-30,99.34,835.2989,9.1,110.21,2.969,92.08
2022-08-31,96.55,838.0028,8.93,113.61,3.07,90.09
2022-09-01,92.24,816.9214,9.38,115.61,3.112,87.09
2022-09-02,93.09,803.3777,9.18,107.88,3.429,87.29
2022-09-05,94.22,,,,,
2022-09-06,91.43,810.4878,8.52,101.47,3.574,87.35
2022-09-07,86.83,849.3902,8.12,96.31,3.461,82.5
2022-09-08,87.99,863.0933,8.27,106.08,3.575,84.04
2022-09-09,91.68,875.8396,8.31,111.48,3.607,87.27
2022-09-12,93.45,887.3568,8.2,108.89,3.567,88.18
2022-09-13,92.04,866.6912,8.49,107.42,3.453,87.84
2022-09-14,92.83,887.4679,8.7,106.33,3.503,88.88
2022-09-15,89.28,867.003,8.6,108.89,3.408,85.72
2022-09-16,89.43,860.5607,8.11,152.25,3.401,85.57
2022-09-19,,864.3645,7.96,120.03,3.916,86.15
2022-09-20,89.62,836.3227,8.01,130.11,3.896,84.69
2022-09-21,89.86,831.8911,7.99,93.04,3.918,83.38
2022-09-22,90.4,790.8969,7.76,73.08,3.966,84.02
2022-09-23,84.29,770.2107,6.75,68.61,3.85,79.07
2022-09-26,82.55,758.8697,6.75,54.49,4.791,77.17
2022-09-27,85.97,772.1452,6.83,63.96,4.876,78.91
2022-09-28,89.55,790.1446,6.59,62.39,4.578,82.61
2022-09-29,89.41,746.3585,6.57,67.11,4.862,81.78
2022-09-30,88.9,744.1296,6.4,72.06,4.826,79.91
2022-10-03,90.68,756.5744,5.64,73.63,4.968,84.05
2022-10-04,93.74,795.6759,5.4,73.53,4.901,86.87
2022-10-05,94.35,770.6277,5.84,72.62,4.547,88.22
2022-10-06,95.65,760.721,6.91,74.43,4.583,88.9
2022-10-07,98.88,724.9231,6.25,77.67,3.282,93.07
2022-10-10,97.13,713.8249,,80.39,,91.6
2022-10-11,95.17,706.5539,6.2,73.56,2.937,89.75
2022-10-12,93.44,687.1744,6.6,,2.87,87.83
2022-10-13,95.16,696.6703,6.25,72.37,2.942,89.59
2022-10-14,92.22,657.1091,6.1,92.85,2.883,86.1
2022-10-17,91.04,682.271,6.08,90.57,2.548,86.0
2022-10-18,89.46,696.929,6.16,86.58,2.51,83.29
2022-10-19,91.34,685.3651,5.63,82.72,2.62,86.0
2022-10-20,91.52,672.739,5.1,63.83,2.626,86.02
2022-10-21,91.82,697.0216,4.45,56.03,2.816,85.47
2022-10-24,91.57,691.7243,4.81,62.74,2.772,86.12
2022-10-25,91.76,727.1029,5.17,66.73,2.849,86.93
2022-10-26,92.93,738.656,5.28,62.97,2.908,89.39
2022-10-27,94.17,734.5122,5.3,62.8,3.043,89.06
2022-10-28,94.64,739.7398,5.02,62.61,2.976,87.85
2022-10-31,93.3,737.7645,5.02,63.63,2.953,86.54
2022-11-01,95.12,732.4807,4.57,49.84,3.03,88.36
2022-11-02,96.07,703.3322,4.58,50.14,3.185,90.06
2022-11-03,95.29,715.3702,4.65,39.81,3.191,88.14
2022-11-04,99.53,720.4252,4.0,49.0,3.377,92.58
2022-11-07,99.87,712.7827,4.62,46.12,3.304,91.8
2022-11-08,96.85,732.6388,4.0,49.0,3.536,88.8
2022-11-09,93.05,707.9778,3.46,44.37,3.617,85.79
2022-11-10,94.25,777.5835,4.8,44.82,3.635,86.52
2022-11-11,96.37,789.0785,4.8,78.97,,89.14
2022-11-14,93.59,775.5863,6.24,88.05,3.253,85.85
2022-11-15,94.3,785.1944,5.9,89.68,3.12,86.87
2022-11-16,92.61,764.6835,5.88,87.89,3.101,85.62
2022-11-17,91.0,759.8463,6.2,87.39,2.647,81.69
2022-11-18,88.93,756.6359,6.1,83.66,2.367,80.07
2022-11-21,88.44,741.6799,6.23,68.05,2.387,79.74
2022-11-22,88.65,754.667,6.27,52.56,2.364,80.83
2022-11-23,85.9,764.918,6.57,49.0,2.288,77.93
2022-11-24,85.59,,,,,
2022-11-25,83.4,759.8051,6.57,,2.208,76.45
2022-11-28,83.5,735.8459,6.0,58.25,2.087,77.1
2022-11-29,83.22,731.3554,6.03,60.25,2.13,77.96
2022-11-30,85.61,770.6504,7.0,75.04,2.254,80.48
2022-12-01,86.28,756.9567,6.33,61.4,2.2,81.06
2022-12-02,86.54,769.517,4.92,55.52,2.099,79.86
2022-12-05,83.36,748.577,4.15,53.53,1.993,76.83
2022-12-06,79.92,716.0595,4.58,50.36,1.934,74.21
2022-12-07,77.11,716.7988,4.49,56.13,1.873,71.93
2022-12-08,76.02,722.7475,4.79,61.47,2.074,71.3
2022-12-09,76.37,714.6953,4.98,66.0,2.057,71.05
2022-12-12,78.0,715.9077,6.73,81.89,2.091,72.96
2022-12-13,80.14,725.385,7.2,101.91,2.167,75.44
2022-12-14,83.33,720.6069,6.54,80.18,2.105,77.14
2022-12-15,82.34,696.0999,6.8,78.75,2.189,75.89
2022-12-16,80.2,681.3272,6.63,124.97,2.149,74.19
2022-12-19,81.66,664.2446,6.08,85.45,2.285,75.05
2022-12-20,79.45,657.8996,5.28,79.86,2.32,75.92
2022-12-21,80.25,667.9494,6.13,69.11,2.362,78.17
2022-12-22,79.58,639.6161,7.1,181.75,2.368,77.68
2022-12-23,82.45,634.0666,7.15,,2.529,79.57
2022-12-26,,,,,,
2022-12-27,,605.7827,4.88,81.55,2.527,79.45
2022-12-28,81.7,597.8183,4.06,51.75,2.517,78.89
2022-12-29,80.96,616.2548,3.78,40.85,2.611,78.43
2022-12-30,82.82,617.3999,3.52,34.43,2.777,80.16
2023-01-02,,,,,,
2023-01-03,80.36,599.7874,3.64,36.5,2.618,76.87
2023-01-04,75.31,614.8089,3.75,40.65,2.443,72.82
2023-01-05,76.73,596.1126,3.78,45.75,2.327,73.61
2023-01-06,76.41,609.6387,3.43,49.25,2.327,73.77
2023-01-09,77.5,624.6968,3.65,44.9,2.358,74.69
2023-01-10,78.4,636.2003,3.32,47.5,2.372,75.11
2023-01-11,81.11,661.452,3.41,37.91,2.467,77.46
2023-01-12,82.59,676.1533,3.47,,2.488,78.32
2023-01-13,83.43,677.6892,3.43,,2.556,79.9
2023-01-16,82.65,,,45.0,,
2023-01-17,84.38,687.0285,3.43,39.56,2.577,80.25
2023-01-18,83.78,684.6186,3.2,37.23,2.52,79.53
2023-01-19,85.08,650.7567,2.91,38.16,2.611,80.31
2023-01-20,86.96,669.6419,3.15,46.97,2.652,81.27
2023-01-23,87.54,704.8127,3.43,43.97,2.609,81.62
2023-01-24,85.25,697.7164,3.35,43.5,2.639,79.86
2023-01-25,85.08,695.5861,3.09,38.8,2.574,79.78
2023-01-26,86.29,701.5028,2.72,35.29,2.652,80.64
2023-01-27,85.36,731.5675,2.83,39.22,2.816,79.73
2023-01-30,84.9,706.4107,2.82,48.02,2.875,77.97
2023-01-31,83.42,732.7969,2.65,46.42,2.939,78.95
2023-02-01,81.61,752.2569,2.65,44.37,2.84,76.34
2023-02-02,80.57,765.0693,2.67,112.78,2.834,75.87
2023-02-03,78.85,749.7524,2.4,32.24,2.69,73.4
2023-02-06,80.48,744.4763,2.17,27.33,2.757,74.11
2023-02-07,82.92,749.9398,2.35,25.44,2.874,77.17
2023-02-08,84.17,739.2717,2.4,23.62,2.873,78.47
2023-02-09,83.46,726.3175,2.4,27.13,2.832,78.04
2023-02-10,85.46,718.0951,2.37,29.13,2.904,79.74
2023-02-13,85.98,725.6241,2.42,23.79,2.917,80.14
2023-02-14,84.96,736.7414,2.42,22.41,2.961,79.08
2023-02-15,84.11,762.8045,2.45,26.99,3.073,78.57
2023-02-16,83.84,739.9358,2.48,33.87,2.993,78.45
2023-02-17,81.97,726.9355,2.28,29.91,2.984,76.31
2023-02-20,82.79,,,27.97,,
2023-02-21,82.14,694.5031,2.12,28.67,2.917,76.28
2023-02-22,79.55,697.2274,2.07,25.24,2.825,73.95
2023-02-23,82.08,697.1905,2.17,35.32,2.936,75.26
2023-02-24,82.31,679.703,2.36,31.92,2.93,76.19
2023-02-27,81.24,699.103,2.55,30.31,2.996,75.57
2023-02-28,83.21,702.8532,2.5,30.66,3.095,76.88
2023-03-01,83.68,699.8605,2.59,28.65,3.131,77.57
2023-03-02,84.15,689.1454,2.67,36.88,3.143,78.05
2023-03-03,85.74,712.6763,2.66,33.37,3.181,79.62
2023-03-06,85.86,709.7251,2.46,35.11,3.174,80.39
2023-03-07,83.03,695.4833,2.52,36.83,3.033,77.45
2023-03-08,82.1,700.1845,2.5,32.11,2.916,76.56
2023-03-09,81.0,678.5076,2.5,35.78,2.711,75.6
2023-03-10,82.3,656.3236,2.4,40.08,2.748,76.55
2023-03-13,79.67,655.236,2.4,40.55,2.654,74.68
2023-03-14,76.77,663.797,2.65,34.08,2.616,71.18
2023-03-15,74.3,641.6975,2.45,30.85,2.503,67.38
2023-03-16,73.12,645.643,2.45,27.46,2.519,68.15
2023-03-17,71.03,624.5461,2.42,,2.507,66.61
2023-03-20,72.42,634.0552,2.23,30.63,2.432,67.56
2023-03-21,74.78,661.2344,1.93,26.54,2.435,69.4
2023-03-22,76.08,643.7881,2.03,25.89,2.567,70.71
2023-03-23,74.31,650.521,2.08,24.93,2.588,69.77
2023-03-24,73.63,643.7869,2.04,29.98,2.625,69.22
2023-03-27,76.8,642.8615,2.04,31.1,2.751,72.87
2023-03-28,78.07,637.6728,2.02,26.3,2.779,73.12
2023-03-29,77.51,659.7427,1.94,26.16,2.75,72.95
2023-03-30,78.45,665.0867,1.95,24.26,2.793,74.32
2023-03-31,79.19,682.6738,2.1,30.06,2.843,75.68
2023-04-03,85.81,666.5064,2.09,29.58,2.976,80.4
2023-04-04,85.7,652.8085,2.13,35.67,2.859,80.7
2023-04-05,85.89,632.082,2.17,42.74,2.873,80.69
2023-04-06,86.56,627.644,2.18,28.06,2.913,80.7
2023-04-07,,,,,,
2023-04-10,,639.6747,2.15,30.14,2.927,79.79
2023-04-11,87.32,646.5921,2.19,31.39,2.959,81.54
2023-04-12,88.31,636.8147,2.22,37.32,2.957,83.26
2023-04-13,86.51,650.4411,2.04,37.61,2.91,82.16
2023-04-14,87.31,642.0686,1.87,33.11,2.936,82.58
2023-04-17,85.63,657.1093,2.21,32.8,2.86,80.93
2023-04-18,85.48,653.5042,2.23,32.33,2.768,80.85
2023-04-19,85.34,643.9823,2.2,38.49,2.614,79.18
2023-04-20,83.29,630.956,2.19,44.9,2.558,77.27
2023-04-21,83.36,624.1667,2.2,36.57,2.604,77.86
2023-04-24,84.23,627.3457,2.19,39.67,2.739,78.64
2023-04-25,82.13,607.9904,2.21,33.04,2.686,77.05
2023-04-26,79.19,581.1299,2.19,34.61,2.692,74.33
2023-04-27,80.11,589.2075,2.17,33.06,2.679,74.77
2023-04-28,81.32,587.7665,2.27,33.87,2.677,76.78
2023-05-01,,582.2556,2.24,33.55,2.702,75.65
2023-05-02,76.71,571.8719,2.12,35.63,2.546,71.71
2023-05-03,72.91,573.2163,2.01,36.83,2.431,68.62
2023-05-04,73.0,569.1257,1.96,30.8,2.439,68.52
2023-05-05,75.85,591.7724,1.85,38.44,2.528,71.32
2023-05-08,,597.4335,2.12,36.47,2.593,73.13
2023-05-09,77.76,593.8374,2.22,34.84,2.597,73.68
2023-05-10,76.7,598.2793,2.12,41.33,2.616,72.53
2023-05-11,75.32,598.242,2.07,47.85,2.539,70.81
2023-05-12,74.54,610.7357,1.98,34.78,2.501,70.02
2023-05-15,75.46,618.2316,2.25,38.49,2.593,71.07
2023-05-16,75.15,606.6047,2.28,32.17,2.609,70.85
2023-05-17,76.98,619.9539,2.25,29.25,2.677,72.78
2023-05-18,75.75,620.016,2.3,30.62,2.74,71.82
2023-05-19,75.42,612.8269,2.37,36.14,2.805,71.57
2023-05-22,75.77,628.3313,2.3,35.79,2.891,71.81
2023-05-23,76.66,625.0836,2.22,32.35,2.815,72.87
2023-05-24,77.99,614.5063,2.25,27.03,2.837,74.37
2023-05-25,75.66,616.5943,2.23,24.82,2.83,71.68
2023-05-26,76.33,629.4752,1.88,32.83,2.915,72.35
2023-05-29,,,,,,
2023-05-30,73.38,634.8238,2.11,38.96,2.828,69.45
2023-05-31,71.98,626.3918,2.1,45.79,2.759,68.11
2023-06-01,74.18,635.7682,1.77,53.82,2.658,70.09
2023-06-02,76.0,644.3393,1.74,31.97,2.725,71.76
2023-06-05,76.61,640.3568,1.92,32.37,2.743,72.14
2023-06-06,76.22,651.9376,1.95,29.52,2.879,71.71
2023-06-07,76.85,656.3472,2.13,27.36,3.09,72.52
2023-06-08,75.88,658.2196,2.1,26.6,2.951,71.28
2023-06-09,74.74,652.2433,1.85,29.26,2.868,70.16
2023-06-12,71.8,664.8676,1.9,23.8,2.761,67.08
2023-06-13,74.24,681.5712,2.0,27.46,2.826,69.39
2023-06-14,73.39,671.7396,2.05,31.23,2.776,68.22
2023-06-15,75.75,675.151,2.18,27.26,2.859,70.61
2023-06-16,76.76,668.146,2.13,33.98,2.767,71.81
2023-06-19,76.09,,,33.03,,
2023-06-20,75.79,662.8948,2.38,28.93,2.739,70.94
2023-06-21,76.92,651.4712,2.24,28.79,2.746,72.55
2023-06-22,73.93,645.248,2.27,33.66,2.613,69.22
2023-06-23,73.56,630.4411,2.22,39.05,2.692,68.91
2023-06-26,73.86,629.6401,2.62,34.21,2.771,69.09
2023-06-27,71.88,646.2106,2.68,35.67,2.741,67.68
2023-06-28,73.64,647.1758,2.71,,2.83,69.54
2023-06-29,73.86,655.5907,2.4,41.99,2.887,69.85
2023-06-30,74.51,670.7344,2.48,39.39,2.912,70.66
2023-07-03,74.52,686.7289,2.48,46.94,2.838,69.71
2023-07-04,76.23,,,,,
2023-07-05,76.74,683.5236,2.65,47.55,2.883,71.78
2023-07-06,76.72,668.8664,2.5,41.24,2.89,71.76
2023-07-07,78.77,688.1737,2.49,39.71,2.925,73.91
2023-07-10,77.83,704.3284,2.55,45.21,2.956,73.05
2023-07-11,79.54,706.2485,2.57,44.95,2.763,74.87
2023-07-12,80.35,718.4349,2.55,47.88,2.994,75.77
2023-07-13,81.31,728.8372,2.5,44.35,3.001,76.86
2023-07-14,79.9,713.1955,2.5,50.92,2.848,75.44
2023-07-17,77.8,736.5645,2.46,44.84,2.849,74.17
2023-07-18,79.54,737.3192,2.52,41.09,2.859,75.76
2023-07-19,79.38,735.3029,2.51,40.03,2.89,75.4
2023-07-20,79.62,711.6434,2.61,39.5,2.865,75.65
2023-07-21,81.06,706.6461,2.61,44.95,2.926,77.06
2023-07-24,82.53,705.7143,2.68,52.43,3.046,78.81
2023-07-25,83.46,704.8245,2.66,57.97,3.088,79.76
2023-07-26,82.98,706.499,2.6,93.58,3.137,79.11
2023-07-27,84.28,693.3741,2.47,145.34,3.191,80.17
2023-07-28,84.49,703.8583,2.53,39.3,3.255,80.55
2023-07-31,85.22,714.5931,2.58,37.6,3.194,81.8
2023-08-01,85.34,700.8317,2.49,33.88,3.115,81.37
2023-08-02,84.01,669.0092,2.43,36.18,3.078,79.5
2023-08-03,86.19,667.8212,2.44,36.06,3.094,81.56
2023-08-04,87.38,660.6321,2.53,40.58,3.149,82.76
2023-08-07,86.47,653.3295,2.65,34.01,3.126,81.94
2023-08-08,88.0,651.5433,2.77,36.85,3.131,82.94
2023-08-09,89.31,646.1697,2.92,35.82,3.219,84.35
2023-08-10,87.44,636.9317,2.83,41.36,3.213,82.81
2023-08-11,87.93,629.302,2.61,41.49,3.288,83.17
2023-08-14,87.4,633.4259,2.74,44.79,3.236,82.5
2023-08-15,86.28,615.0188,2.65,38.33,3.177,81.06
2023-08-16,84.49,602.3865,2.55,35.23,3.193,79.4
2023-08-17,85.24,590.0062,2.56,30.47,3.304,80.43
2023-08-18,85.92,588.9397,2.44,65.69,3.274,81.25
2023-08-21,85.44,596.9857,2.6,41.38,3.235,80.71
2023-08-22,84.7,591.9851,2.58,,3.253,80.25
2023-08-23,83.94,602.4061,2.6,44.42,3.235,78.91
2023-08-24,84.07,584.8575,2.42,45.96,3.559,79.52
2023-08-25,85.42,593.2672,2.46,32.79,3.658,80.47
2023-08-28,,597.8156,2.6,36.58,3.441,80.65
2023-08-29,86.37,622.9978,2.5,34.04,3.491,81.14
2023-08-30,86.62,622.8064,2.48,26.73,3.471,81.64
2023-08-31,87.29,622.5047,2.56,24.07,3.418,83.55
2023-09-01,89.98,623.5647,2.7,106.21,3.383,85.52
2023-09-04,90.42,,,93.6,,
2023-09-05,91.25,622.9367,2.6,63.51,3.373,86.74
2023-09-06,91.79,609.5738,2.49,59.95,3.396,87.55
2023-09-07,91.16,601.5478,2.45,40.51,3.425,86.87
2023-09-08,91.85,596.5588,2.53,37.75,3.501,87.51
2023-09-11,91.97,603.2726,2.5,46.45,3.562,87.3
2023-09-12,93.58,605.0317,2.72,37.93,3.563,88.87
2023-09-13,93.04,599.4145,2.76,33.26,3.664,88.59
2023-09-14,95.2,611.2456,2.81,31.07,3.761,90.13
2023-09-15,95.55,602.6132,2.74,36.39,4.313,90.83
2023-09-18,95.95,590.2429,2.54,32.49,4.3,91.47
2023-09-19,96.11,588.6589,2.46,34.89,4.168,91.16
2023-09-20,94.56,581.0583,2.78,36.92,3.91,89.2
2023-09-21,93.7,564.1672,2.7,33.16,3.422,89.56
2023-09-22,93.99,558.9056,2.63,34.95,3.723,90.0
2023-09-25,94.01,562.2989,2.63,39.87,3.839,89.68
2023-09-26,94.46,554.505,2.55,36.9,3.876,91.43
2023-09-27,97.1,552.3257,2.72,36.53,4.467,93.67
2023-09-28,96.64,556.3714,2.74,37.29,4.014,91.65
2023-09-29,95.86,558.255,2.68,52.39,3.936,90.77
2023-10-02,91.21,541.5555,2.7,59.09,3.409,88.81
2023-10-03,94.46,520.8518,2.71,61.29,2.95,89.26
2023-10-04,89.83,533.0389,2.92,50.58,2.63,84.32
2023-10-05,88.28,509.1243,2.92,39.55,2.499,82.3
2023-10-06,87.86,520.3709,3.3,39.6,2.526,82.83
2023-10-09,91.37,513.4235,,39.29,,
2023-10-10,90.7,537.6499,3.34,42.68,2.713,85.89
2023-10-11,87.58,540.2215,3.19,38.9,2.679,83.7
2023-10-12,88.4,530.9476,3.16,39.02,2.532,82.87
2023-10-13,94.33,521.0789,3.11,47.58,2.614,87.67
2023-10-16,90.99,531.3669,2.98,49.77,2.638,86.65
2023-10-17,92.52,537.56,2.94,43.29,2.639,86.66
2023-10-18,91.99,512.1863,2.92,43.0,2.705,88.35
2023-10-19,93.12,492.7907,2.84,41.67,2.578,89.35
2023-10-20,93.72,473.8288,2.6,47.44,2.623,89.12
2023-10-23,91.88,470.9048,2.65,38.47,2.574,85.49
2023-10-24,88.0,479.0208,2.85,35.45,2.449,84.58
2023-10-25,90.14,465.4096,2.86,38.98,2.461,86.07
2023-10-26,88.45,464.1274,2.87,41.21,2.53,83.8
2023-10-27,90.73,452.4038,3.24,46.92,2.583,86.04
2023-10-30,90.73,434.1821,3.17,44.45,2.505,83.03
2023-10-31,86.82,439.2593,3.34,53.49,2.508,81.64
2023-11-01,86.92,437.0986,3.19,52.74,2.432,81.05
2023-11-02,89.02,459.2449,3.12,43.27,2.483,83.04
2023-11-03,87.55,469.8527,3.0,36.25,2.493,81.19
2023-11-06,87.31,456.1409,2.71,31.76,2.575,81.54
2023-11-07,83.43,458.4477,2.0,30.59,2.59,77.96
2023-11-08,81.46,447.512,2.18,32.39,2.554,75.85
2023-11-09,81.74,430.8725,2.71,38.46,2.607,76.34
2023-11-10,83.66,431.567,2.71,44.02,2.627,
2023-11-13,84.09,433.9168,2.61,43.08,2.682,78.86
2023-11-14,84.2,469.0297,2.69,44.37,2.693,78.9
2023-11-15,82.4,478.1884,2.88,42.91,2.697,77.15
2023-11-16,77.73,466.9999,2.91,35.0,2.582,73.5
2023-11-17,81.22,471.4023,2.62,40.54,2.49,76.47
2023-11-20,83.25,479.5497,2.49,49.95,2.419,78.1
2023-11-21,82.42,468.5609,2.63,35.07,2.435,78.35
2023-11-22,81.76,469.4074,2.72,33.98,2.425,76.8
2023-11-23,80.85,,,,,
2023-11-24,79.82,470.2674,2.72,53.83,2.361,74.83
2023-11-27,79.49,464.7712,2.74,56.74,2.391,74.46
2023-11-28,81.66,474.8201,2.78,58.85,2.492,76.09
2023-11-29,82.98,480.5016,2.7,41.28,2.562,77.56
2023-11-30,81.72,477.9087,2.75,34.08,2.415,75.66
2023-12-01,78.72,496.9464,2.63,37.54,2.346,73.7
2023-12-04,78.16,494.4244,2.55,40.27,2.325,72.73
2023-12-05,77.27,484.1841,2.72,46.84,2.261,71.95
2023-12-06,74.33,485.2632,2.76,45.26,2.332,68.98
2023-12-07,74.21,493.2272,2.52,33.61,2.396,69.0
2023-12-08,75.94,493.4898,2.57,43.03,2.48,70.87
2023-12-11,75.75,495.4321,2.39,53.7,2.449,70.95
2023-12-12,74.11,484.8793,2.37,42.84,2.051,68.27
2023-12-13,74.14,513.8773,2.33,37.75,2.093,69.09
2023-12-14,77.05,553.1886,2.39,34.18,2.215,71.21
2023-12-15,76.84,553.7631,2.44,38.04,2.183,71.05
2023-12-18,78.89,549.1893,2.59,48.32,2.192,72.16
2023-12-19,79.82,562.9428,2.44,42.01,2.221,73.23
2023-12-20,81.1,538.3131,2.48,37.78,2.207,73.87
2023-12-21,80.73,554.291,2.48,34.62,2.187,73.59
2023-12-22,80.23,556.3441,2.54,29.78,2.376,73.29
2023-12-25,,,,,,
2023-12-26,,565.901,2.5,27.05,2.603,75.84
2023-12-27,80.97,565.2246,2.63,27.93,2.502,74.31
2023-12-28,79.04,561.9915,2.55,28.27,2.496,72.02
2023-12-29,77.69,552.079,2.58,33.65,2.489,71.89
2024-01-01,,,,,,
2024-01-02,76.24,542.3712,2.56,35.49,2.45,70.62
2024-01-03,77.18,522.4185,2.57,42.17,2.508,72.97
2024-01-04,75.79,510.2261,2.83,46.91,2.448,72.38
2024-01-05,78.31,506.4785,2.75,36.2,2.187,74.0
2024-01-08,75.47,513.0691,2.72,32.04,2.107,71.06
2024-01-09,77.97,507.1659,3.25,35.25,2.041,72.43
2024-01-10,78.46,501.2263,3.25,37.33,2.07,71.57
2024-01-11,80.21,490.3952,3.15,32.46,2.131,72.15
2024-01-12,79.89,481.0827,13.2,166.89,2.082,72.94
2024-01-15,79.76,,,143.64,,
2024-01-16,80.15,470.0919,3.25,167.9,2.068,72.63
2024-01-17,78.88,457.745,2.86,75.82,2.134,72.79
2024-01-18,81.04,455.4851,2.88,69.19,2.177,74.32
2024-01-19,80.71,456.5486,2.7,66.55,2.151,73.69
2024-01-22,81.7,468.005,2.35,37.55,2.086,75.26
2024-01-23,82.04,474.7416,2.15,30.83,2.059,74.72
2024-01-24,82.15,464.8614,2.45,27.17,2.067,75.48
2024-01-25,82.33,458.513,2.56,28.4,2.525,77.91
2024-01-26,83.34,456.138,2.36,37.59,2.564,78.45
2024-01-29,83.99,471.3174,2.41,37.36,2.609,77.25
2024-01-30,84.14,464.2713,2.26,36.95,2.63,78.3
2024-01-31,82.98,454.3853,2.19,28.29,2.666,76.28
2024-02-01,82.2,462.5379,2.15,26.75,2.547,74.36
2024-02-02,79.54,455.7231,2.01,28.77,2.439,72.72
2024-02-05,79.3,445.7613,2.12,31.05,2.568,73.21
2024-02-06,80.46,454.8922,2.1,28.05,2.587,73.83
2024-02-07,81.18,462.2285,1.94,23.31,2.62,74.26
2024-02-08,83.01,469.011,1.74,20.1,2.589,76.67
2024-02-09,83.58,479.6305,1.74,28.41,2.614,77.26
2024-02-12,83.88,488.5374,1.76,34.39,2.656,77.34
2024-02-13,84.72,463.339,1.61,32.91,2.674,78.28
2024-02-14,84.41,480.4553,1.51,23.51,2.604,77.09
2024-02-15,84.33,489.872,1.53,24.55,2.653,78.47
2024-02-16,84.88,484.2759,1.55,31.94,2.648,79.65
2024-02-19,85.52,,,26.57,,
2024-02-20,84.78,472.7286,1.5,23.06,2.612,78.72
2024-02-21,84.77,467.5913,1.58,24.5,2.474,78.89
2024-02-22,85.84,449.4677,1.62,23.99,2.5,79.64
2024-02-23,84.18,438.6314,1.52,23.09,2.455,77.6
2024-02-26,84.01,446.2878,1.65,21.75,2.441,78.53
2024-02-27,83.8,452.5727,1.52,23.82,2.477,79.8
2024-02-28,84.08,452.6977,1.61,30.72,2.436,79.44
2024-02-29,84.57,460.1548,1.67,28.95,2.505,79.22
2024-03-01,84.82,468.7726,1.47,25.47,2.805,80.9
2024-03-04,86.58,457.3661,1.48,26.11,2.786,79.67
2024-03-05,85.82,443.1874,1.51,27.7,2.729,79.11
2024-03-06,86.59,451.0706,1.67,,2.728,80.08
2024-03-07,84.88,463.5878,1.56,22.86,2.735,79.81
2024-03-08,84.29,459.7027,1.54,32.42,2.695,78.96
2024-03-11,83.44,460.1779,1.54,25.16,2.762,78.87
2024-03-12,83.66,453.356,1.57,22.88,2.8,78.51
2024-03-13,83.95,443.9203,1.25,20.89,2.868,80.67
2024-03-14,86.16,427.1203,1.26,23.18,2.907,82.16
2024-03-15,85.39,426.098,1.38,32.21,2.955,81.94
2024-03-18,86.47,429.5344,1.54,29.01,2.975,83.68
2024-03-19,87.36,425.472,1.55,29.49,2.991,84.39
2024-03-20,85.77,437.4842,1.58,,3.006,82.79
2024-03-21,84.92,441.7486,1.55,28.5,3.017,81.99
2024-03-22,84.87,435.9895,1.5,29.13,3.03,81.1
2024-03-25,86.18,433.8686,1.46,28.59,3.052,82.41
2024-03-26,85.91,431.3969,1.48,31.5,3.12,82.41
2024-03-27,84.94,452.6924,1.43,31.85,3.121,82.15
2024-03-28,86.17,453.0482,1.54,22.79,3.138,83.96
2024-03-29,,,,,,
2024-04-01,,451.6968,1.64,30.9,3.203,84.54
2024-04-02,87.63,435.9656,1.65,33.69,3.268,85.95
2024-04-03,90.6,440.2589,1.86,,3.266,86.22
2024-04-04,90.32,436.8662,1.78,36.71,3.397,87.37
2024-04-05,92.81,433.2027,1.58,34.99,3.295,87.69
2024-04-08,91.73,442.0544,1.73,29.94,3.269,87.24
2024-04-09,92.13,453.0443,1.83,33.94,3.11,86.04
2024-04-10,91.57,441.9157,1.9,32.66,3.297,86.98
2024-04-11,91.49,443.2853,1.62,33.5,3.264,85.79
2024-04-12,93.12,427.0273,1.36,40.56,3.277,86.46
2024-04-15,90.84,412.9778,1.41,33.94,3.268,86.21
2024-04-16,91.29,405.3902,1.38,30.95,3.296,86.15
2024-04-17,89.54,407.1839,1.5,,3.15,83.58
2024-04-18,88.34,401.336,1.59,,3.099,83.5
2024-04-19,87.96,397.7143,1.43,30.16,3.076,83.79
2024-04-22,87.3,399.3373,1.64,27.14,3.008,83.82
2024-04-23,88.29,408.2319,1.59,29.45,3.044,84.17
2024-04-24,89.02,411.8051,1.6,30.0,3.053,84.09
2024-04-25,88.1,410.7708,1.46,23.37,3.217,84.92
2024-04-26,89.95,418.3435,1.4,51.81,3.212,85.38
2024-04-29,88.44,433.5917,1.55,42.77,3.119,84.26
2024-04-30,88.23,421.7376,1.68,35.73,3.085,83.49
2024-05-01,83.55,421.3627,1.63,,2.88,80.7
2024-05-02,84.81,433.9407,1.66,33.68,2.894,80.59
2024-05-03,83.6,448.8367,1.67,37.2,2.822,79.65
2024-05-06,,456.4158,1.88,39.95,2.853,80.1
2024-05-07,82.69,451.5946,1.95,47.08,2.818,79.97
2024-05-08,82.44,449.1472,2.01,34.1,2.821,80.57
2024-05-09,83.27,452.3163,2.03,26.89,2.789,80.86
2024-05-10,83.39,443.4756,2.14,30.55,2.713,79.81
2024-05-13,83.18,450.6033,2.11,36.42,2.726,80.71
2024-05-14,81.0,463.1929,2.14,37.32,2.644,79.62
2024-05-15,79.98,460.8371,2.12,,2.712,80.23
2024-05-16,81.65,459.4983,2.32,37.15,2.711,80.85
2024-05-17,82.24,458.7776,2.44,39.88,2.746,81.66
2024-05-20,81.91,458.51,2.52,53.28,2.659,81.39
2024-05-21,81.22,463.3917,2.52,60.57,2.635,80.66
2024-05-22,79.9,485.8438,2.51,59.29,2.519,79.15
2024-05-23,79.25,472.015,2.64,53.69,2.593,77.47
2024-05-24,78.92,492.8121,2.22,40.09,2.665,78.48
2024-05-27,,,,50.5,,
2024-05-28,81.34,493.6388,2.29,39.0,2.688,80.9
2024-05-29,81.5,484.3393,2.2,,2.632,80.24
2024-05-30,81.42,494.0466,1.87,25.95,2.441,78.96
2024-05-31,79.41,491.3763,1.78,38.99,2.488,77.97
2024-06-03,76.45,489.9536,2.55,45.77,2.346,75.26
2024-06-04,75.33,482.2673,2.58,40.2,2.357,74.27
2024-06-05,75.41,493.9117,2.27,40.41,2.34,75.08
2024-06-06,77.62,490.0769,2.3,29.15,2.38,76.52
2024-06-07,78.12,479.1505,2.46,27.0,2.276,76.53
2024-06-10,79.59,488.8034,2.61,25.4,2.313,78.75
2024-06-11,80.15,490.4424,2.71,29.33,2.311,78.88
2024-06-12,80.52,497.7213,2.8,,2.303,79.56
2024-06-13,81.44,488.1001,2.79,37.83,2.352,79.61
2024-06-14,81.49,471.3639,2.74,70.38,2.422,79.41
2024-06-17,82.45,466.8829,2.5,56.49,2.466,81.33
2024-06-18,84.79,465.3845,2.43,58.49,2.5,82.67
2024-06-19,85.64,,,63.59,,
2024-06-20,85.92,452.471,2.39,97.52,2.535,83.34
2024-06-21,86.42,449.7401,2.44,58.74,2.546,81.71
2024-06-24,86.75,451.0097,2.58,42.28,2.547,82.63
2024-06-25,86.81,446.3894,2.61,43.53,2.614,81.97
2024-06-26,85.76,455.0454,2.45,,2.536,82.19
2024-06-27,87.0,458.2221,2.55,28.3,2.544,83.04
2024-06-28,87.26,445.4215,2.42,28.77,2.477,82.83
2024-07-01,86.57,443.2176,2.21,33.28,2.533,84.7
2024-07-02,88.28,452.6402,2.06,40.83,2.537,84.09
2024-07-03,88.25,467.0909,2.02,49.41,2.607,85.19
2024-07-04,88.34,,,,,
2024-07-05,88.66,465.0758,2.02,61.75,2.529,84.44
2024-07-08,87.15,474.7701,2.1,102.07,2.492,83.63
2024-07-09,86.48,471.8672,2.42,91.12,2.477,82.78
2024-07-10,86.55,483.4142,2.4,,2.42,83.39
2024-07-11,86.49,491.4688,2.23,40.68,2.405,83.92
2024-07-12,87.35,509.4818,2.17,169.88,2.388,83.49
2024-07-15,86.42,494.995,2.12,139.92,2.363,83.22
2024-07-16,86.6,512.5256,2.1,76.99,2.314,81.92
2024-07-17,85.76,493.3507,1.98,39.46,2.302,84.16
2024-07-18,86.26,485.4056,2.0,37.33,2.303,84.17
2024-07-19,85.19,474.7688,1.88,52.23,2.091,81.43
2024-07-22,83.44,486.5809,2.19,54.16,2.167,81.25
2024-07-23,82.2,483.9507,2.13,48.38,2.125,78.24
2024-07-24,83.01,468.629,2.0,,2.143,78.78
2024-07-25,82.58,467.3417,2.0,34.69,2.392,79.43
2024-07-26,81.35,474.7625,1.98,49.04,2.351,78.58
2024-07-29,80.94,476.084,1.9,46.9,2.415,77.27
2024-07-30,79.26,464.4997,1.81,79.98,2.397,76.17
2024-07-31,81.39,478.8855,1.94,98.71,2.457,79.36
2024-08-01,81.37,459.5586,1.95,83.91,2.379,77.74
2024-08-02,78.35,435.4545,1.89,90.5,2.243,74.99
2024-08-05,77.51,422.7471,1.83,56.07,2.285,74.46
2024-08-06,76.62,423.6041,1.83,34.86,2.256,74.6
2024-08-07,78.26,413.2506,1.96,,2.312,76.68
2024-08-08,80.76,431.4435,1.85,38.09,2.346,77.64
2024-08-09,81.07,426.4176,1.94,34.38,2.356,78.28
2024-08-12,83.06,420.3469,2.1,35.7,2.397,81.45
2024-08-13,82.51,435.5205,2.16,41.16,2.405,79.81
2024-08-14,82.15,427.3841,2.18,38.47,2.427,78.47
2024-08-15,83.09,445.7871,2.19,40.81,2.435,79.66
2024-08-16,81.56,444.9378,2.01,34.83,2.364,78.05
2024-08-19,81.09,454.8565,2.12,26.02,2.317,75.82
2024-08-20,78.85,447.1933,2.18,23.0,2.305,75.27
2024-08-21,78.77,456.203,2.14,,2.3,72.76
2024-08-22,78.8,445.6971,1.93,26.26,2.388,73.72
2024-08-23,80.34,468.4565,1.82,44.94,2.436,75.82
2024-08-26,,465.6671,2.13,70.06,2.433,78.4
2024-08-27,81.51,462.0861,1.91,98.3,2.591,76.5
2024-08-28,80.04,453.2573,1.89,48.6,2.545,75.49
2024-08-29,81.55,457.1202,1.85,36.51,2.581,76.9
2024-08-30,80.2,460.8226,1.93,24.78,2.535,74.52
2024-09-02,77.82,,,,,
2024-09-03,76.46,436.154,1.93,24.81,2.444,71.28
2024-09-04,74.67,441.4504,2.05,,2.402,70.11
2024-09-05,74.47,440.3606,2.02,30.29,2.384,70.09
2024-09-06,72.82,423.8409,2.09,25.89,2.354,68.58
2024-09-09,72.37,423.2583,2.03,35.76,2.381,69.65
2024-09-10,70.34,428.5868,2.13,44.75,2.354,66.73
2024-09-11,70.31,451.3074,2.13,45.52,2.369,68.25
2024-09-12,73.81,448.5339,2.13,39.15,2.463,69.89
2024-09-13,73.68,454.1031,2.25,40.0,2.466,69.59
2024-09-16,73.96,452.7389,2.23,39.63,2.425,71.1
2024-09-17,74.55,459.412,2.33,37.75,2.45,72.16
2024-09-18,74.52,456.6244,2.31,,2.268,71.87
2024-09-19,75.93,464.3649,2.24,48.79,2.334,72.86
2024-09-20,75.96,454.6259,2.2,37.65,2.244,72.72
2024-09-23,74.95,460.4144,2.4,42.6,2.256,71.33
2024-09-24,75.29,464.4668,2.61,50.53,2.315,72.34
2024-09-25,75.4,455.5943,2.62,49.56,2.323,70.42
2024-09-26,73.06,467.435,2.64,37.01,2.298,68.28
2024-09-27,71.63,475.995,2.53,44.76,2.328,68.72
2024-09-30,72.35,470.3647,2.65,56.13,2.315,68.75
2024-10-01,75.3,460.0573,2.67,44.93,2.256,70.41
2024-10-02,74.86,456.2991,2.77,,2.272,70.74
2024-10-03,77.57,452.253,2.75,48.3,2.449,74.33
2024-10-04,79.32,459.2855,2.49,51.83,2.444,74.93
2024-10-07,81.74,459.5175,2.51,43.32,2.505,77.76
2024-10-08,78.19,453.998,2.51,40.22,2.357,74.26
2024-10-09,77.06,460.0254,2.43,36.55,2.319,73.85
2024-10-10,79.45,447.4643,2.26,35.82,2.414,76.46
2024-10-11,80.27,453.1651,2.31,39.27,2.503,76.11
2024-10-14,78.47,453.3408,,43.73,,
2024-10-15,73.68,442.5743,2.37,48.55,2.393,71.22
2024-10-16,73.65,451.4981,2.21,,2.218,70.97
2024-10-17,74.37,442.7231,2.19,39.96,2.22,71.26
2024-10-18,72.75,442.1477,1.82,42.0,2.178,69.78
2024-10-21,73.29,436.6474,1.76,47.57,2.188,71.16
2024-10-22,75.59,437.105,1.76,40.56,2.237,72.84
2024-10-23,74.68,425.9048,1.9,38.26,2.185,71.37
2024-10-24,74.27,438.7778,2.04,38.31,2.176,70.58
2024-10-25,75.62,443.8261,1.93,41.51,2.22,72.02
2024-10-28,71.87,450.7627,2.03,32.86,2.177,67.65
2024-10-29,71.09,446.2377,1.82,35.38,2.143,67.48
2024-10-30,73.21,440.051,2.03,,2.19,68.91
2024-10-31,73.25,434.2597,1.82,,2.183,69.58
2024-11-01,73.63,438.6906,1.42,34.61,2.172,69.81
2024-11-04,74.89,446.4513,1.35,30.31,2.219,71.83
2024-11-05,76.98,455.7876,1.62,38.76,2.202,72.26
2024-11-06,76.52,442.5759,1.8,41.79,2.299,71.98
2024-11-07,75.73,444.2138,1.49,31.83,2.308,72.69
2024-11-08,74.04,445.9471,1.21,29.33,2.276,70.69
2024-11-11,72.19,454.4247,1.21,34.76,,
2024-11-12,72.56,436.1841,1.92,44.25,2.071,68.43
2024-11-13,72.86,438.6432,2.06,,2.065,68.76
2024-11-14,73.39,432.2874,2.11,37.43,2.103,68.99
2024-11-15,73.45,427.7077,1.65,31.23,2.089,67.33
2024-11-18,74.35,435.672,2.08,29.28,2.173,69.46
2024-11-19,74.32,435.6192,2.1,30.42,2.179,69.75
2024-11-20,74.33,437.696,2.32,39.05,2.098,69.25
2024-11-21,75.09,440.3406,2.84,47.97,2.191,70.39
2024-11-22,76.1,451.6472,2.41,30.05,2.168,71.68
2024-11-25,74.27,464.9202,2.78,33.87,2.163,69.41
2024-11-26,74.56,456.1974,3.19,40.86,2.15,69.05
2024-11-27,73.91,459.6893,3.39,,2.124,69.03
2024-11-28,73.92,,,,,
2024-11-29,74.16,464.3285,3.39,61.5,2.082,68.26
2024-12-02,72.81,472.2524,3.05,59.88,2.071,68.35
2024-12-03,74.8,464.184,2.94,45.27,2.004,70.15
2024-12-04,74.68,458.383,2.75,55.45,1.94,68.81
2024-12-05,73.78,455.8535,2.95,59.09,2.019,68.58
2024-12-06,73.78,463.964,2.83,35.42,1.923,68.58
2024-12-09,73.73,476.3085,3.05,33.23,1.995,68.65
2024-12-10,73.64,467.3809,2.9,39.05,1.998,68.85
2024-12-11,74.38,473.9318,2.9,,2.068,70.57
2024-12-12,73.52,469.3048,3.12,50.43,1.992,70.25
2024-12-13,74.89,471.8831,3.15,34.87,1.973,71.54
2024-12-16,74.3,477.4906,2.87,32.07,1.949,71.03
2024-12-17,73.16,476.1664,2.85,34.58,1.921,70.31
2024-12-18,74.57,450.1327,3.01,35.51,1.906,70.8
2024-12-19,73.75,444.9964,3.15,37.81,1.954,70.1
2024-12-20,73.19,453.941,3.1,73.51,2.102,69.71
2024-12-23,72.12,460.3552,2.89,36.28,2.203,69.5
2024-12-24,73.5,468.607,2.95,34.5,2.16,70.87
2024-12-25,,,,,,
2024-12-26,,467.8681,2.96,32.0,2.141,70.38
2024-12-27,73.77,459.2347,2.91,30.4,2.13,71.28
2024-12-30,74.24,450.874,3.39,27.09,2.158,71.73
2024-12-31,74.58,444.2073,3.4,38.69,2.13,72.44
2025-01-01,,,,,,
2025-01-02,76.14,450.7141,3.65,40.5,2.182,73.79
2025-01-03,76.72,473.7364,3.4,58.59,2.166,74.64
2025-01-06,77.27,479.9402,4.05,76.24,2.158,74.31
2025-01-07,77.84,476.5585,3.8,82.1,2.069,74.99
2025-01-08,77.37,459.8681,3.75,72.38,2.053,73.99
2025-01-09,78.44,,3.94,54.28,,
2025-01-10,79.76,449.613,4.13,49.57,2.034,77.27
2025-01-13,82.69,448.1096,4.4,61.39,2.057,79.57
2025-01-14,82.39,447.4965,4.32,64.53,2.144,78.2
2025-01-15,83.48,457.5907,4.45,56.08,2.202,80.73
2025-01-16,82.39,459.4962,4.3,44.72,2.277,79.35
2025-01-17,83.02,461.7842,9.86,163.2,2.182,78.56
2025-01-20,81.68,,,255.95,,
2025-01-21,80.57,456.192,4.4,196.69,2.16,76.79
2025-01-22,80.0,443.6788,3.91,87.42,2.236,76.12
2025-01-23,78.62,449.4224,3.91,61.67,2.235,75.03
2025-01-24,78.71,449.6004,3.84,44.69,2.23,74.97
2025-01-27,77.3,436.8336,3.71,37.22,2.307,73.51
2025-01-28,78.01,428.3834,3.4,34.11,2.373,74.15
2025-01-29,77.02,432.1589,3.38,38.42,2.36,72.94
2025-01-30,77.42,439.8431,3.12,33.92,2.322,73.1
2025-01-31,77.11,439.4168,2.93,36.0,2.377,72.84
2025-02-03,76.49,427.9954,3.3,39.48,2.464,73.52
2025-02-04,76.58,436.2988,3.25,47.56,2.444,73.04
2025-02-05,74.71,433.4566,3.22,43.17,2.501,71.39
2025-02-06,74.54,438.0224,3.31,38.96,2.533,70.97
2025-02-07,74.68,430.2362,3.32,51.09,2.576,71.32
2025-02-10,76.23,426.2307,3.48,57.8,2.626,72.73
2025-02-11,77.65,415.7608,3.65,60.93,2.744,73.67
2025-02-12,75.38,417.3068,3.97,45.63,2.682,71.72
2025-02-13,75.61,431.0738,4.43,50.33,2.561,71.66
2025-02-14,75.19,435.8376,4.6,65.82,2.546,71.05
2025-02-17,75.81,,,70.16,,
2025-02-18,76.46,444.9006,6.4,96.23,2.551,72.21
2025-02-19,76.34,447.1344,7.15,109.91,2.549,72.58
2025-02-20,76.95,445.7651,5.62,72.18,2.543,72.88
2025-02-21,74.88,432.7104,4.43,46.91,2.487,70.72
2025-02-24,74.89,422.5364,3.86,38.18,2.485,71.06
2025-02-25,73.11,411.7395,3.88,35.45,2.112,69.15
2025-02-26,73.49,412.4931,3.9,36.39,2.089,68.87
2025-02-27,75.01,399.2436,3.91,37.16,2.104,70.62
2025-02-28,74.76,397.463,3.91,54.14,2.06,69.97
2025-03-03,72.85,380.3763,3.8,40.27,2.285,68.63
2025-03-04,72.31,381.0578,4.39,44.53,2.271,68.47
2025-03-05,70.92,391.0784,4.4,49.76,2.264,66.58
2025-03-06,71.08,384.4677,4.39,54.36,2.146,66.62
2025-03-07,72.49,393.4451,4.39,49.67,2.127,67.29
2025-03-10,71.08,380.5398,4.23,41.52,2.029,66.31
2025-03-11,71.51,380.4256,4.57,43.72,2.041,66.52
2025-03-12,72.36,381.7653,4.18,48.36,2.14,67.65
2025-03-13,70.82,375.56,3.89,47.62,2.246,66.82
2025-03-14,71.94,383.2706,3.89,46.54,2.289,67.43
2025-03-17,71.93,390.6501,4.15,48.85,2.32,67.84
2025-03-18,71.93,386.3768,4.17,46.76,2.321,67.49
2025-03-19,71.94,391.7972,4.21,50.65,2.324,67.4
2025-03-20,72.61,387.1346,4.23,49.34,2.393,68.55
2025-03-21,72.64,389.7838,3.93,49.0,2.415,68.52
2025-03-24,73.96,398.4099,4.03,56.63,2.433,69.46
2025-03-25,73.78,400.2632,3.94,55.7,2.437,69.48
2025-03-26,74.6,389.7691,3.85,49.58,2.515,70.05
2025-03-27,74.72,388.5161,3.88,39.13,2.572,70.3
2025-03-28,74.69,377.357,3.89,49.21,2.778,69.74
2025-03-31,77.23,374.8275,4.11,44.6,2.886,71.87
2025-04-01,77.78,381.5366,3.96,43.88,2.904,71.61
2025-04-02,77.27,382.2338,4.04,51.15,2.8,72.12
2025-04-03,72.54,359.9848,4.21,46.23,2.605,67.43
2025-04-04,68.36,339.0267,4.04,56.93,2.516,62.42
2025-04-07,66.13,338.888,3.97,72.1,2.528,61.05
2025-04-08,64.86,320.1286,3.85,70.16,2.467,60.04
2025-04-09,67.3,358.6628,3.42,51.39,2.54,62.63
2025-04-10,65.37,337.8334,3.7,55.21,2.267,60.57
2025-04-11,66.83,343.956,3.44,52.31,2.306,61.91
2025-04-14,67.18,352.7531,3.57,54.3,2.323,61.99
2025-04-15,66.58,347.2961,3.27,50.69,2.254,61.74
2025-04-16,67.94,339.2547,3.25,,2.328,62.88
2025-04-17,69.33,341.9719,2.94,32.76,2.393,65.07
2025-04-18,,,,,,
2025-04-21,,331.7358,3.16,52.14,2.343,63.48
2025-04-22,68.93,342.6238,3.12,42.59,2.368,64.6
2025-04-23,68.26,344.7214,3.12,48.16,2.32,62.64
2025-04-24,67.5,359.5548,2.87,49.25,2.347,63.55
2025-04-25,66.99,367.8161,2.71,46.48,2.365,63.85
2025-04-28,66.13,371.3786,2.96,48.9,2.376,63.3
2025-04-29,64.04,370.1426,3.17,49.08,2.344,61.84
2025-04-30,63.37,362.8218,3.12,,2.301,59.55
2025-05-01,62.37,365.3738,3.08,55.1,2.286,60.59
2025-05-02,61.57,372.8716,3.1,46.82,2.287,59.67
2025-05-05,,363.4377,3.26,45.58,2.321,58.5
2025-05-06,62.37,362.8184,3.08,43.89,2.491,60.42
2025-05-07,60.31,362.9478,3.18,40.41,2.45,59.42
2025-05-08,62.22,375.2384,3.23,32.78,2.574,61.25
2025-05-09,64.26,385.8921,3.22,43.42,2.67,62.37
2025-05-12,65.28,406.1403,3.19,46.24,2.645,63.32
2025-05-13,66.93,422.1866,3.27,47.01,2.676,65.04
2025-05-14,65.91,425.462,3.31,,2.598,64.48
2025-05-15,64.36,426.3786,3.2,71.3,2.566,63.03
2025-05-16,65.2,428.6443,3.01,38.94,2.388,63.84
2025-05-19,66.25,419.852,2.96,34.53,2.434,63.98
2025-05-20,66.93,424.0867,3.15,39.22,2.453,63.97
2025-05-21,65.86,410.2675,3.2,35.87,2.438,62.93
2025-05-22,64.87,399.1615,3.0,32.55,2.501,62.55
2025-05-23,65.41,398.332,2.93,34.88,2.512,62.89
2025-05-26,,,,30.36,,
2025-05-27,64.32,405.9677,3.2,39.23,2.36,61.61
2025-05-28,65.72,403.2488,3.09,,2.328,62.54
2025-05-29,64.6,399.1255,2.97,36.68,2.24,61.66
2025-05-30,64.32,395.6714,2.86,33.3,2.224,61.46
2025-06-02,66.55,389.8808,3.0,30.58,2.267,63.27
2025-06-03,67.48,406.0604,2.84,46.08,2.282,64.1
2025-06-04,66.69,407.7877,2.8,49.81,2.203,63.57
2025-06-05,67.14,401.7869,2.86,46.1,2.221,64.06
2025-06-06,68.02,409.4479,2.68,36.83,2.26,65.3
2025-06-09,68.73,419.6352,3.13,39.55,2.277,65.99
2025-06-10,68.41,428.3782,2.79,46.43,2.267,65.66
2025-06-11,71.29,426.9104,2.73,,2.269,68.91
2025-06-12,70.84,424.9242,2.9,45.89,2.265,68.73
2025-06-13,76.0,423.3569,2.65,37.43,2.385,73.84
2025-06-16,75.05,433.6382,2.9,48.95,2.36,72.53
2025-06-17,78.7,412.0656,2.9,54.94,2.431,75.62
2025-06-18,78.38,416.9139,3.43,54.2,2.393,75.89
2025-06-19,80.37,,,38.9,,
2025-06-20,78.73,413.9582,3.09,203.65,2.435,75.72
2025-06-23,74.34,417.3088,3.5,216.31,2.334,69.36
2025-06-24,69.13,425.3734,3.3,188.9,2.203,65.45
2025-06-25,68.4,422.9657,3.26,,2.226,65.98
2025-06-26,68.57,432.3903,3.23,49.24,2.24,66.44
2025-06-27,69.37,426.5804,3.23,68.79,2.225,66.66
2025-06-30,68.15,427.918,3.26,53.57,2.215,66.3
2025-07-01,67.63,428.7993,3.14,49.23,2.265,66.64
2025-07-02,70.8,439.7147,3.1,56.56,2.256,68.66
2025-07-03,70.42,452.7015,3.24,82.0,2.255,68.13
2025-07-04,71.03,,,,,
2025-07-07,71.95,443.1712,3.24,78.98,2.317,69.16
2025-07-08,72.5,445.4104,3.2,74.46,2.343,69.55
2025-07-09,71.98,451.8054,3.08,,2.276,69.61
2025-07-10,70.38,460.7535,3.11,65.65,2.24,67.78
2025-07-11,72.06,454.0781,3.22,67.63,2.21,69.63
2025-07-14,70.96,454.6338,3.21,79.14,2.185,68.19
2025-07-15,70.27,459.6256,3.31,87.68,2.172,67.76
2025-07-16,69.67,456.63,3.42,113.6,2.178,67.13
2025-07-17,71.32,468.542,3.52,63.1,2.182,68.76
2025-07-18,71.06,477.6129,3.5,57.44,2.169,68.53
2025-07-21,71.92,476.6259,3.5,48.16,2.189,68.39
2025-07-22,69.69,488.4158,3.16,56.98,2.129,67.56
2025-07-23,69.17,483.5431,3.08,,2.179,66.05
2025-07-24,70.42,479.3231,3.13,132.83,2.165,67.16
2025-07-25,69.23,484.3055,3.1,142.66,2.144,66.38
2025-07-28,70.87,483.9723,3.12,208.09,2.269,67.81
2025-07-29,73.21,472.8301,3.08,190.96,2.363,70.27
2025-07-30,73.98,469.3929,2.98,61.13,2.389,71.09
2025-07-31,73.43,461.9713,2.99,39.65,2.339,70.36
2025-08-01,70.55,457.3364,3.0,45.79,2.205,68.39
2025-08-04,69.56,455.2521,2.89,44.04,2.209,67.33
2025-08-05,69.14,455.3545,2.98,44.92,2.207,66.2
2025-08-06,67.97,449.049,3.02,,2.2,65.38
2025-08-07,66.99,454.9924,3.05,45.34,2.212,64.9
2025-08-08,67.17,460.0415,3.03,65.96,2.305,64.94
2025-08-11,67.36,461.0561,3.05,71.99,2.308,65.03
2025-08-12,66.8,472.533,2.93,64.98,2.276,64.22
2025-08-13,66.25,482.0058,2.95,65.82,2.279,63.68
2025-08-14,68.12,475.4679,2.78,66.06,2.35,64.99
2025-08-15,67.3,484.2135,2.98,75.15,2.311,63.78
2025-08-18,68.18,494.6287,2.96,42.89,2.319,64.51
2025-08-19,66.62,485.2928,2.87,44.74,2.312,63.38
2025-08-20,67.61,480.1417,2.8,,2.35,64.19
2025-08-21,68.41,474.6452,2.88,34.72,2.481,64.56
2025-08-22,68.29,498.0916,2.76,35.86,2.531,64.08
2025-08-25,,497.7777,2.76,27.42,2.521,65.18
2025-08-26,66.89,499.3833,2.82,26.94,2.656,63.6
2025-08-27,67.75,499.9968,2.88,27.32,2.638,64.49
2025-08-28,68.61,505.08,2.9,28.57,2.649,64.96
2025-08-29,67.83,495.983,2.88,33.25,2.628,64.36
2025-09-01,67.09,,,,,
2025-09-02,68.09,486.8778,2.7,33.46,2.65,65.95
2025-09-03,67.76,487.7952,3.0,,2.397,64.36
2025-09-04,66.41,489.7912,3.11,40.56,2.414,63.81
2025-09-05,64.92,500.2673,3.05,30.5,2.469,62.22
2025-09-08,65.44,494.204,3.1,33.38,2.552,62.6
2025-09-09,67.97,487.2851,3.12,36.72,2.582,62.97
2025-09-10,67.62,493.2326,2.89,44.92,2.578,64.01
2025-09-11,67.25,502.8372,2.81,42.7,2.471,62.71
2025-09-12,67.87,502.7487,2.86,58.36,2.549,63.02
2025-09-15,67.88,511.0233,3.0,45.8,2.613,63.66
2025-09-16,69.69,518.4814,3.07,44.96,2.602,64.89
2025-09-17,69.19,527.3328,3.19,,2.585,64.41
2025-09-18,67.83,539.7282,3.1,61.93,2.396,63.91
2025-09-19,67.05,543.2674,2.89,52.08,2.41,63.02
2025-09-22,66.87,556.928,2.9,74.56,2.5,62.99
2025-09-23,67.96,547.7083,2.86,63.17,2.525,63.76
2025-09-24,69.64,548.7281,2.88,68.23,2.535,65.4
2025-09-25,70.48,547.8386,2.98,70.5,2.546,65.51
2025-09-26,71.15,548.93,2.9,83.3,2.511,66.5
2025-09-29,69.0,549.8691,2.93,68.05,2.505,64.27
2025-09-30,68.52,548.4961,3.12,48.84,2.518,63.17
2025-10-01,66.67,564.4188,3.24,,2.44,62.59
2025-10-02,65.44,563.5354,3.32,55.05,2.394,61.28
2025-10-03,66.13,566.9643,3.19,96.88,2.4,61.65
2025-10-06,67.09,576.7988,3.32,78.79,2.503,62.49
2025-10-07,67.1,563.7673,3.32,54.57,2.504,62.52
2025-10-08,67.42,571.6389,3.35,51.9,2.506,63.37
2025-10-09,67.23,573.95,3.25,45.48,2.357,62.36
2025-10-10,64.41,552.2366,2.9,57.65,2.3,59.75
2025-10-13,64.15,596.0107,2.9,61.28,,
2025-10-14,63.0,603.0584,2.83,52.56,2.318,59.52
2025-10-15,62.33,618.3659,2.79,,2.336,59.08
2025-10-16,61.08,605.5423,2.82,43.56,2.318,58.29
2025-10-17,61.23,594.9478,2.65,49.63,2.214,58.3
2025-10-20,60.71,606.5934,2.99,51.58,2.09,58.34
2025-10-21,61.0,594.7242,3.28,52.83,2.143,58.66
2025-10-22,62.28,577.0388,3.45,58.78,2.175,59.3
2025-10-23,66.32,588.7406,3.34,66.0,2.194,62.44
2025-10-24,65.8,603.5303,3.21,62.43,2.188,62.27
2025-10-27,65.52,603.6186,3.3,64.83,2.268,62.13
2025-10-28,64.03,601.0718,3.44,60.75,2.268,60.97
2025-10-29,65.01,610.8922,3.36,,2.428,61.26
2025-10-30,65.11,592.9601,3.46,56.07,2.75,61.36
2025-10-31,65.44,608.2281,3.57,59.86,2.525,61.75
2025-11-03,65.79,608.388,3.37,54.53,2.571,61.79
2025-11-04,65.04,581.4065,3.35,46.37,2.573,61.38
2025-11-05,63.54,617.0316,3.51,52.88,2.772,60.4
2025-11-06,63.41,598.1853,3.71,50.77,2.811,60.24
2025-11-07,63.72,597.7497,3.76,78.18,2.794,60.54
2025-11-10,63.01,616.3927,3.8,91.08,2.49,60.94
2025-11-11,63.86,608.5566,,58.14,,
2025-11-12,61.88,602.3568,3.6,,2.296,59.3
2025-11-13,62.14,568.5422,3.6,,2.258,59.54
2025-11-14,63.45,567.1211,3.49,59.17,2.31,60.87
2025-11-17,63.16,556.7629,3.71,68.92,2.284,60.66
2025-11-18,64.86,556.823,3.7,72.08,2.296,61.51
2025-11-19,63.78,559.9901,3.94,71.44,2.235,60.27
2025-11-20,63.64,537.3238,3.97,63.71,2.125,60.07
2025-11-21,62.78,544.0596,4.13,51.54,2.087,58.86
2025-11-24,64.83,558.2967,4.15,46.83,2.081,59.11
2025-11-25,63.99,566.9599,4.12,38.71,2.034,58.25
2025-11-26,64.81,581.0687,4.59,,2.074,58.81
2025-11-27,64.18,,,,,
2025-11-28,64.07,593.3189,,72.25,1.961,58.58
2025-12-01,64.22,578.0681,5.08,80.39,1.931,59.47
2025-12-02,63.37,583.1749,4.83,74.76,1.89,58.81
2025-12-03,63.75,591.7704,4.86,75.32,1.829,59.09
2025-12-04,64.15,605.3099,4.89,92.31,1.832,59.82
2025-12-05,64.42,605.6688,5.19,104.95,1.836,60.23
2025-12-08,63.3,599.9896,5.19,125.49,1.797,59.04
2025-12-09,62.62,598.6371,4.76,80.99,1.776,58.4
2025-12-10,63.12,601.2914,4.62,,1.733,58.67
2025-12-11,61.87,609.2253,4.35,88.32,1.721,57.76
2025-12-12,62.11,593.0122,4.07,170.08,1.753,57.61
2025-12-15,61.55,586.9177,3.9,99.81,1.726,56.97
2025-12-16,59.93,583.735,3.58,62.47,1.682,55.44
2025-12-17,60.61,567.2012,3.66,54.97,1.672,56.07
2025-12-18,60.69,587.4309,3.87,51.82,1.699,56.22
2025-12-19,61.35,605.2191,3.58,63.52,1.762,56.8
2025-12-22,62.22,616.7199,3.67,46.98,1.813,58.18
2025-12-23,63.7,608.2402,3.38,34.42,1.829,58.55
2025-12-24,63.7,610.3353,3.31,,1.795,58.72
2025-12-25,,,,,,
2025-12-26,,606.5784,,50.63,1.78,56.6
2025-12-29,63.1,596.2884,4.35,62.89,1.791,57.89
2025-12-30,62.3,586.9925,4.4,56.21,1.807,57.79
2025-12-31,61.35,582.7751,4.0,62.91,2.0,57.26
