date,wti,henry_hub,brent,rbob,pjm_west,cels
2021-01-04,52.181149999999995,2.6,54.8493,1.62346,27.21,925.7707
2021-01-05,52.181149999999995,2.77,54.8493,1.62346,34.42,946.6182
2021-01-06,52.181149999999995,2.76,54.8493,1.62346,27.84,1006.79
2021-01-07,52.181149999999995,2.81,54.8493,1.625,30.08,1074.58
2021-01-08,52.181149999999995,2.77,55.51,1.659,31.63,1091.9
2021-01-11,52.181149999999995,2.71,54.8493,1.631,28.25,1083.92
2021-01-12,53.08,2.89,55.98,1.65,26.38,1120.02
2021-01-13,52.81,2.82,55.52,1.643,26.35,1119.21
2021-01-14,53.47,2.82,55.76,1.631,27.16,1118.4
2021-01-15,52.25,2.86,54.8493,1.62346,31.75,1055.38
2021-01-18,,,54.8493,,27.04,
2021-01-19,52.87,2.65,55.38,1.62346,28.07,1107.43
2021-01-20,53.16,2.57,55.66,1.62346,23.84,1093.68
2021-01-21,53.0,2.49,55.68,1.62346,24.06,1121.0692
2021-01-22,52.28,2.45,55.22,1.708,27.8,1121.0692
2021-01-25,52.78,2.63,55.44,1.733,26.5,1115.47
2021-01-26,52.61,2.73,55.26,1.744,28.87,1121.04
2021-01-27,52.81,2.77,55.07,1.727,36.43,1069.13
2021-01-28,52.26,2.76,54.87,1.738,43.28,1080.29
2021-01-29,52.181149999999995,2.68,55.25,1.728,32.97,1044.18
2021-02-01,53.55,2.88,56.42,1.74,33.23,1078.84
2021-02-02,54.77,3.24,57.62,1.77,33.27,1090.23
2021-02-03,55.67,3.01,58.61,1.767,29.5,1099.76
2021-02-04,56.19,2.99,58.98,1.764,26.97,1099.98
2021-02-05,56.8,3.49,59.48,1.772,40.43,1105.59
2021-02-08,57.95,3.4,60.17,1.799,37.52,1121.0692
2021-02-09,58.34,3.35,60.74,1.793,37.19,1121.0692
2021-02-10,58.69,3.76,61.17,1.756,40.03,1121.0692
2021-02-11,58.22,6.5,61.09,1.762,48.83,1121.0692
2021-02-12,59.5,6.12,62.47,1.722,61.5,1121.0692
2021-02-15,,,63.58,,87.42,
2021-02-16,60.07,9.502799999999999,63.96,1.78,132.38,1105.63
2021-02-17,61.09,9.502799999999999,65.02,1.816,169.92,1077.59
2021-02-18,60.4,8.56,64.09,1.781,78.36,1021.15
2021-02-19,59.12,4.96,62.84,1.862,39.66,1057.0
2021-02-22,61.67,3.16,64.73,1.922,29.01,985.0563
2021-02-23,61.66,2.94,65.16,1.947,23.79,966.3295
2021-02-24,63.21,2.8,66.85,1.964,23.92,1006.4
2021-02-25,63.43,2.72,66.69,1.962,23.9,932.2645
2021-02-26,61.55,2.66,65.86,1.947,25.47,955.2232
2021-03-01,60.54,2.7,64.56,2.009,33.81,1005.24
2021-03-02,59.7,2.87,63.17,1.985,28.61,958.7829
2021-03-03,61.33,2.86,64.7,1.985,27.7,906.8527
2021-03-04,63.81,2.79,67.32,2.054,29.23,856.1342
2021-03-05,66.08,2.72,69.95,2.125,28.23,845.084
2021-03-08,65.03,2.67,68.0,2.078,22.0,811.5774
2021-03-09,64.02,2.62,67.03,2.07,21.9925,889.092
2021-03-10,64.45,2.62,67.53,2.117,21.9925,893.7404
2021-03-11,66.02,2.7,69.34,2.174,23.84,955.7407
2021-03-12,65.59,2.65,68.87,2.196,33.5,949.2154
2021-03-15,65.36,2.58,68.78,2.166,31.99,956.34
2021-03-16,64.82,2.5,67.95,2.175,26.45,927.3709
2021-03-17,64.55,2.6,67.73,2.125,25.81,925.6768
2021-03-18,59.95,2.45,62.11,1.998,29.52,869.1716
2021-03-19,61.43,2.53,64.0,2.02,27.0,888.5314
2021-03-22,61.48,2.55,63.89,2.033,24.34,903.7889
2021-03-23,57.75,2.56,59.96,1.95,28.27,870.5047
2021-03-24,61.12,2.56,63.7,2.051,26.63,832.516
2021-03-25,58.47,2.52,61.21,1.986,27.98,845.1942
2021-03-26,60.93,2.52,63.77,2.043,30.22,860.8411
2021-03-29,61.49,2.58,64.06,2.088,25.99,821.4847
2021-03-30,60.55,2.55,63.28,2.063,25.39,860.1938
2021-03-31,59.19,2.52,63.52,2.031,31.87,896.3543
2021-04-01,61.41,2.52,63.85,2.092,31.86,904.2593
2021-04-02,,,,,,
2021-04-05,58.73,2.43,,2.045,26.91,890.2734
2021-04-06,59.34,2.44,61.47,2.044,28.44,902.1049
2021-04-07,59.77,2.43,61.86,2.005,27.93,864.8746
2021-04-08,59.61,2.47,62.09,2.017,24.63,877.2609
2021-04-09,59.29,2.48,61.89,2.041,27.75,870.1204
2021-04-12,59.7,2.5,62.38,2.04,27.11,858.9878
2021-04-13,60.2,2.57,62.83,2.05,29.42,868.9102
2021-04-14,63.15,2.65,66.11,2.098,31.25,859.6706
2021-04-15,63.42,2.62,66.13,2.145,33.39,842.3178
2021-04-16,63.16,2.63,65.98,2.134,,856.45
2021-04-19,63.33,2.75,66.54,2.142,33.13,832.7899
2021-04-20,62.61,2.76,65.34,2.11,37.16,821.3564
2021-04-21,61.34,2.72,64.02,2.066,35.6,854.9584
2021-04-22,61.45,2.77,65.07,2.078,31.31,863.4339
2021-04-23,62.18,2.79,65.75,2.122,29.03,891.7722
2021-04-26,62.02,2.73,65.5,2.104,30.7,915.2921
2021-04-27,63.03,2.91,66.25,2.147,,901.9023
2021-04-28,63.81,2.98,67.08,2.189,37.0,883.5485
2021-04-29,65.0,2.91,68.26,2.221,27.03,862.1372
2021-04-30,63.5,2.86,67.73,2.19,31.16,847.1888
2021-05-03,64.46,2.96,,2.22,44.54,827.8517
2021-05-04,65.72,3.0,68.91,2.275,33.81,792.4943
2021-05-05,65.63,2.99,69.71,2.262,26.67,788.0096
2021-05-06,64.73,2.9,68.62,2.242,28.15,773.3338
2021-05-07,64.96,2.9,68.73,2.266,32.45,786.0964
2021-05-10,64.92,2.93,68.61,2.255,31.92,744.5717
2021-05-11,65.31,2.91,68.83,2.252,27.63,753.1716
2021-05-12,65.96,2.91,69.62,2.262,29.66,718.7021
2021-05-13,63.82,2.95,67.36,2.148,27.0,712.6481
2021-05-14,65.32,2.95,69.24,2.186,28.38,738.2247
2021-05-17,66.24,2.99,69.62,2.23,30.98,738.2247
2021-05-18,65.49,2.96,69.01,2.238,35.23,748.4021
2021-05-19,63.28,2.88,66.88,2.185,40.03,759.0165
2021-05-20,61.95,2.86,65.18,2.151,43.12,780.7431
2021-05-21,63.61,2.84,66.72,2.226,33.38,784.5158
2021-05-24,66.13,2.78,68.59,2.268,31.26,788.7419
2021-05-25,66.27,2.87,68.8,2.242,39.55,784.0704
2021-05-26,66.41,2.91,68.93,2.282,33.82,808.799
2021-05-27,66.87,2.85,69.43,2.287,27.98,819.3877
2021-05-28,66.31,2.91,69.36,2.304,28.0,817.1108
2021-05-31,,,,,,
2021-06-01,67.8,3.02,70.03,2.34,26.9,826.1233
2021-06-02,68.79,3.09,70.6,2.353,29.73,822.1224
2021-06-03,68.81,3.01,70.71,2.366,33.79,805.206
2021-06-04,69.57,3.01,71.3,2.349,45.93,819.327
2021-06-07,69.21,2.98,70.89,2.29,43.36,828.9801
2021-06-08,70.11,3.11,71.39,2.306,41.23,840.1825
2021-06-09,69.9,3.13,71.31,2.277,37.01,830.0118
2021-06-10,70.34,3.13,71.65,2.292,32.63,834.4501
2021-06-11,71.0,3.23,72.05,2.261,34.75,847.0596
2021-06-14,70.94,3.36,72.27,2.298,29.23,848.5563
2021-06-15,72.06,3.31,73.38,2.262,28.37,825.743
2021-06-16,72.03,3.25,73.88,2.233,28.45,833.2471
2021-06-17,71.06,3.24,72.92,2.186,32.86,850.4665
2021-06-18,71.64,3.23,73.1,2.254,40.41,838.2403
2021-06-21,73.64,3.15,74.49,2.282,27.95,838.0312
2021-06-22,73.15,3.21,74.92,2.34,27.0,843.356
2021-06-23,73.11,3.36,75.22,2.366,,861.31
2021-06-24,73.31,3.3,75.95,2.378,,865.212
2021-06-25,74.21,3.4,76.45,2.362,51.38,869.3218
2021-06-28,72.98,3.62,74.78,2.322,65.05,910.4674
2021-06-29,73.14,3.75,75.38,2.361,67.48,907.6223
2021-06-30,73.52,3.79,76.94,2.359,40.32,905.0217
2021-07-01,75.33,3.76,76.69,2.37,30.13,896.6369
2021-07-02,75.37,3.67,77.51,2.398,54.04,894.3412
2021-07-05,,,78.34,,,
2021-07-06,73.62,3.68,75.81,2.326,56.0,893.0
2021-07-07,72.22,3.66,74.31,2.293,36.71,865.8927
2021-07-08,72.98,3.56,75.07,2.332,36.45,854.7618
2021-07-09,74.56,3.71,77.14,2.359,43.95,866.1257
2021-07-12,74.21,3.7,76.77,2.33,44.99,880.312
2021-07-13,75.24,3.78,77.5,2.367,46.13,864.485
2021-07-14,73.06,3.8,75.74,2.358,49.63,832.5824
2021-07-15,71.67,3.68,74.53,2.321,44.45,824.9604
2021-07-16,71.76,3.7,74.46,2.32,,810.005
2021-07-19,66.45,3.75,69.33,2.192,45.58,807.7898
2021-07-20,67.32,3.82,70.03,2.224,43.09,834.0953
2021-07-21,70.26,3.94,72.54,2.305,37.57,867.214
2021-07-22,72.15,4.02,74.25,2.364,41.03,855.9797
2021-07-23,72.24,4.11,74.86,2.412,52.27,840.77
2021-07-26,72.15,4.09,74.79,2.439,53.03,838.363
2021-07-27,71.68,4.15,74.87,2.446,50.96,812.5913
2021-07-28,72.37,4.1,75.09,2.445,44.01,845.2124
2021-07-29,73.62,4.03,76.3,2.492,38.66,859.1996
2021-07-30,73.93,3.94,77.72,2.486,,874.2462
2021-08-02,71.31,4.02,73.91,2.411,38.55,878.2395
2021-08-03,70.64,4.06,73.24,2.397,41.46,890.9165
2021-08-04,68.19,4.2,70.99,2.333,45.0,886.0241
2021-08-05,69.1,4.27,72.14,2.387,53.61,886.2527
2021-08-06,68.26,4.21,71.02,2.34,63.0,877.7015
2021-08-09,66.56,4.24,69.65,2.31,55.31,895.9369
2021-08-10,68.33,4.12,71.14,2.334,60.08,900.0981
2021-08-11,69.3,4.07,71.99,2.374,73.79,889.3501
2021-08-12,69.12,4.1,71.79,2.364,54.17,884.2602
2021-08-13,68.36,3.95,70.9,2.338,42.41,864.8591
2021-08-16,67.44,3.93,70.07,2.281,43.0,841.2286
2021-08-17,66.5,3.92,69.4,2.25,46.91,825.1201
2021-08-18,65.36,3.86,68.61,2.193,54.13,826.6396
2021-08-19,63.69,3.83,66.8,2.142,45.03,809.6024
2021-08-20,62.25,3.94,65.51,2.068,53.64,824.7854
2021-08-23,65.65,3.93,69.07,2.211,67.63,851.2638
2021-08-24,67.5,3.95,71.21,2.241,81.5,859.9799
2021-08-25,68.54,4.03,72.12,2.511,77.0,865.2393
2021-08-26,67.42,4.07,70.42,2.481,61.43,856.107
2021-08-27,68.84,4.35,72.26,2.485,60.0,870.4727
2021-08-30,69.28,4.25,,2.49,49.92,875.2961
2021-08-31,68.43,4.33,73.45,2.453,40.48,875.2608
2021-09-01,68.63,4.45,71.99,2.278,40.05,879.4854
2021-09-02,70.07,4.65,73.56,2.307,38.05,889.0702
2021-09-03,69.34,4.77,73.07,2.289,45.31,879.2144
2021-09-06,,,72.43,,,
2021-09-07,68.49,4.71,71.52,2.29,46.07,878.8522
2021-09-08,69.36,4.66,72.36,2.222,42.63,858.3092
2021-09-09,68.26,4.97,71.32,2.199,43.51,862.6064
2021-09-10,69.82,5.13,72.44,2.152,80.12,852.7615
2021-09-13,70.54,5.21,72.97,2.171,80.44,857.4583
2021-09-14,70.53,5.39,73.05,2.229,68.98,852.9422
2021-09-15,72.59,5.66,74.84,2.153,64.02,855.4436
2021-09-16,72.69,5.52,75.14,2.129,73.08,851.0891
2021-09-17,72.09,5.32,74.64,2.165,71.13,860.253
2021-09-20,70.41,5.25,73.59,2.148,54.26,822.6197
2021-09-21,70.51,4.96,73.65,2.175,48.29,826.9033
2021-09-22,72.37,4.92,75.5,2.177,46.0,844.4043
2021-09-23,73.43,4.94,76.44,2.349,41.87,851.3156
2021-09-24,74.18,5.1,77.42,2.355,48.69,838.9995
2021-09-27,75.54,5.53,78.85,2.369,56.73,852.6779
2021-09-28,75.44,5.94,78.3,2.329,58.93,824.7976
2021-09-29,75.06,5.73,77.86,2.362,56.79,813.2003
2021-09-30,75.22,5.58,77.81,2.399,58.34,818.4452
2021-10-01,76.01,5.61,79.4,2.391,74.15,822.7817
2021-10-04,77.68,5.8,81.44,2.417,85.35,795.7887
2021-10-05,79.17,6.37,82.72,2.456,77.38,804.4277
2021-10-06,77.66,6.0,81.39,2.408,79.82,806.2748
2021-10-07,78.46,5.71,82.34,2.385,79.74,828.2805
2021-10-08,79.55,5.46,82.17,2.405,90.0,821.2501
2021-10-11,80.64,5.46,83.75,2.405,62.03,832.582
2021-10-12,80.75,5.34,83.53,2.462,66.3,853.8806
2021-10-13,80.67,5.56,83.53,2.494,79.41,874.2836
2021-10-14,81.43,5.92,83.86,2.528,84.23,875.8322
2021-10-15,82.39,5.44,84.67,2.604,61.0,878.7147
2021-10-18,82.62,5.01,84.13,2.615,61.75,896.2112
2021-10-19,83.19,4.81,85.02,2.61,61.53,914.2674
2021-10-20,84.4,4.87,85.76,2.641,57.32,906.4064
2021-10-21,82.64,4.94,84.58,2.602,57.69,915.0656
2021-10-22,84.53,5.1,85.43,2.671,,903.5294
2021-10-25,84.64,5.72,84.85,2.691,70.13,945.2205
2021-10-26,85.64,5.59,85.11,2.636,65.21,931.7904
2021-10-27,82.66,5.91,84.12,2.566,,949.3168
2021-10-28,82.78,5.68,83.4,2.583,63.96,998.792
2021-10-29,83.5,5.49,83.1,2.662,71.33,1012.5
2021-11-01,84.08,5.22,84.51,2.597,81.63,1054.27
2021-11-02,83.91,5.33,84.42,2.601,91.2,1045.43
2021-11-03,80.82,5.59,81.1,2.501,97.15,1052.66
2021-11-04,78.88,5.73,80.15,2.45,105.93,1065.13
2021-11-05,81.25,5.51,82.43,2.465,73.0,1052.75
2021-11-08,81.96,5.53,83.22,2.497,59.53,1069.38
2021-11-09,84.12,5.08,84.52,2.625,61.63,1036.96
2021-11-10,81.23,4.56,82.91,2.55,56.53,1018.74
2021-11-11,81.47,4.81,83.4,2.566,54.05,1058.71
2021-11-12,80.87,4.97,82.9,2.64,81.43,1066.01
2021-11-15,80.85,4.77,81.94,2.669,66.91,1049.49
2021-11-16,80.76,5.11,82.85,2.683,21.9925,1059.48
2021-11-17,78.32,4.82,80.67,2.628,60.86,1050.55
2021-11-18,78.92,4.95,82.45,2.555,79.0,1034.04
2021-11-19,76.11,4.9,80.24,2.505,83.6,1057.6
2021-11-22,76.74,4.83,80.97,2.548,95.35,1050.76
2021-11-23,78.32,4.95,83.43,2.579,71.5,1034.51
2021-11-24,78.32,4.93,82.37,2.56,59.75,1041.17
2021-11-25,,,82.05,,,
2021-11-26,,,72.37,,,1006.71
2021-11-29,69.88,4.9,73.34,2.235,72.27,1031.62
2021-11-30,66.14,4.52,70.86,2.155,64.6,1008.21
2021-12-01,65.44,4.31,69.53,2.125,51.63,971.673
2021-12-02,66.6,4.08,70.56,2.2,51.32,966.7072
2021-12-03,66.39,3.79,70.71,2.179,51.98,918.7635
2021-12-06,69.62,3.66,73.38,2.283,57.33,918.8202
2021-12-07,71.94,3.6,75.54,2.34,61.72,956.4255
2021-12-08,72.43,3.79,75.94,2.317,61.9,965.6651
2021-12-09,70.87,3.67,74.1,2.27,40.92,930.2965
2021-12-10,71.71,3.65,74.98,2.303,46.14,930.4828
2021-12-13,71.19,4.05,74.12,2.288,42.82,911.4473
2021-12-14,70.57,3.71,73.37,2.251,36.03,884.8516
2021-12-15,70.89,3.79,73.71,2.292,,892.8776
2021-12-16,72.34,3.67,74.64,2.316,37.82,856.7415
2021-12-17,70.93,3.71,72.97,2.271,55.76,863.2176
2021-12-20,68.69,3.91,70.51,2.234,,821.9936
2021-12-21,71.1,3.96,72.85,2.282,53.36,863.49
2021-12-22,72.82,3.95,74.69,2.287,45.98,870.9913
2021-12-23,73.89,3.56,76.26,2.372,31.22,881.2702
2021-12-24,,,75.24,,,
2021-12-27,75.49,3.45,,2.428,32.86,891.7922
2021-12-28,76.01,3.32,,2.468,32.0,880.3251
2021-12-29,76.58,3.4,78.63,2.492,31.25,873.1606
2021-12-30,76.83,3.82,78.61,2.487,30.19,892.5512
2021-12-31,75.33,3.82,77.24,2.439,52.71,889.4333
2022-01-03,75.99,3.74,78.25,2.452,59.51,917.5124
2022-01-04,77.0,3.73,79.39,2.491,52.79,904.0414
2022-01-05,77.83,3.78,80.6,2.482,64.85,852.886
2022-01-06,79.47,3.94,81.99,2.506,98.32,842.7493
2022-01-07,79.0,3.83,82.28,2.491,75.47,832.1486
2022-01-10,78.11,4.16,81.56,2.468,86.24,824.6249
2022-01-11,81.17,4.16,84.98,2.536,54.35,844.5361
2022-01-12,82.51,4.62,85.83,2.572,47.17,854.2468
2022-01-13,81.97,4.78,85.8,2.569,62.61,827.3582
2022-01-14,83.82,4.37,87.17,2.56,,831.7519
2022-01-17,,,87.82,,87.43,
2022-01-18,85.42,4.55,88.83,2.512,57.76,799.8909
2022-01-19,86.84,4.89,89.64,2.509,86.98,776.5377
2022-01-20,86.29,4.45,89.75,2.458,140.61,767.418
2022-01-21,85.16,4.11,89.75,2.339,86.75,735.1944
2022-01-24,84.48,4.2,87.74,2.565,56.55,736.0596
2022-01-25,86.61,4.24,89.49,2.613,106.86,711.7464
2022-01-26,88.33,4.43,91.22,2.673,84.48,710.5943
2022-01-27,87.61,4.43,90.7,2.703,62.87,677.7708
2022-01-28,87.67,5.69,91.47,2.718,88.09,685.8735
2022-01-31,89.16,5.56,92.35,2.734,70.98,748.4312
2022-02-01,88.22,5.45,90.24,2.756,53.63,756.6705
2022-02-02,88.16,6.7,91.43,2.777,64.79,742.489
2022-02-03,90.17,5.84,92.99,2.776,65.71,709.4538
2022-02-04,92.27,5.34,96.86,2.816,75.67,729.4624
2022-02-07,91.25,4.44,97.28,2.81,54.48,733.8999
2022-02-08,89.32,4.3,96.07,2.704,,752.0362
2022-02-09,89.57,4.13,94.95,2.735,40.25,786.2575
2022-02-10,89.83,4.03,96.37,2.679,35.33,765.4188
2022-02-11,93.1,4.04,97.5,2.837,64.3,737.7628
2022-02-14,95.52,4.05,101.66,2.854,57.78,736.4474
2022-02-15,92.07,4.31,98.43,2.789,38.1,783.1456
2022-02-16,93.83,4.39,97.44,2.715,35.58,785.3425
2022-02-17,91.78,4.57,95.28,2.773,45.95,744.9198
2022-02-18,91.26,4.61,96.18,2.778,45.36,726.9564
2022-02-21,,,98.95,,39.4,
2022-02-22,92.11,4.48,98.73,2.923,46.32,701.6169
2022-02-23,92.14,4.59,99.29,2.798,64.0,682.2022
2022-02-24,92.77,4.78,101.29,3.013,64.24,732.5006
2022-02-25,91.68,4.63,98.56,2.982,67.57,745.1784
2022-02-28,96.13,4.46,103.08,3.024,40.03,781.2556
2022-03-01,103.66,4.36,110.93,3.212,38.22,769.4896
2022-03-02,110.74,4.65,118.94,3.431,47.36,772.1762
2022-03-03,107.69,4.63,115.36,3.425,52.99,750.2895
2022-03-04,115.77,4.74,123.86,3.696,45.77,733.6078
2022-03-07,119.19185000000003,4.93,127.30980000000002,3.76,51.79,726.1932
2022-03-08,119.19185000000003,4.61,127.30980000000002,4.105,58.44,765.3454
2022-03-09,108.81,4.55,116.58,3.731,57.54,788.791
2022-03-10,105.93,4.65,114.54,3.599,45.5,773.9569
2022-03-11,109.31,4.79,118.11,3.779,55.21,748.2968
2022-03-14,103.22,4.59,110.39,3.571,44.38,703.8694
2022-03-15,96.42,4.46,105.14,3.988,41.34,731.0126
2022-03-16,94.85,4.68,104.61,4.002,44.36,778.1012
2022-03-17,102.97,4.8,113.5,4.058,41.25,791.8139
2022-03-18,104.69,4.87,114.32,4.093,42.45,811.6955
2022-03-21,112.14,4.77,122.29,4.119,42.8,806.9202
2022-03-22,111.03,5.0,121.53,4.058,47.5,830.3032
2022-03-23,114.89,5.26,127.30980000000002,4.175,,825.8922
2022-03-24,114.2,5.19,123.98,4.107,,848.4167
2022-03-25,116.2,5.51,122.67,3.948,,834.3333
2022-03-28,107.55,5.52,114.5,3.681,,846.2287
2022-03-29,104.25,5.32,112.79,3.653,,868.552
2022-03-30,107.81,5.32,115.59,3.501,,852.5063
2022-03-31,100.53,5.46,107.29,3.339,,844.994
2022-04-01,99.32,5.43,106.13,3.371,,849.1307
2022-04-04,103.29,5.72,108.15,3.447,,880.519
2022-04-05,101.98,5.95,106.6,3.34,,841.1546
2022-04-06,96.39,6.29,100.81,3.199,74.97,813.3506
2022-04-07,96.05,6.05,99.83,3.182,,807.0767
2022-04-08,98.35,6.38,101.26,3.261,82.46,786.4182
2022-04-11,94.22,6.35,97.92,3.153,76.25,773.7347
2022-04-12,100.52,6.59,104.42,3.276,77.91,769.5362
2022-04-13,104.26,6.68,108.49,3.354,76.18,791.718
2022-04-14,106.84,6.94,110.83,3.425,66.93,772.245
2022-04-15,,,,,,
2022-04-18,108.24,7.48,,3.395,101.85,769.8231
2022-04-19,102.54,7.44,105.49,3.323,83.35,791.3946
2022-04-20,102.56,7.12,105.05,3.4,72.4,762.38
2022-04-21,103.89,6.88,107.2,3.45,73.0,721.8118
2022-04-22,102.86,6.59,105.15,3.485,81.75,707.6943
2022-04-25,99.6,6.42,99.27,3.45,80.6,713.7553
2022-04-26,102.62,6.89,102.89,3.531,80.5,679.0638
2022-04-27,101.96,6.91,103.3,3.617,74.76,686.285
2022-04-28,105.47,6.97,105.78,3.753,64.0,698.2274
2022-04-29,104.59,6.84,108.36,3.74,87.23,682.9235
2022-05-02,105.18,7.3,,3.767,94.36,700.3004
2022-05-03,102.53,7.84,104.94,3.783,107.33,713.2854
2022-05-04,107.84,8.3,110.53,3.925,96.65,757.6052
2022-05-05,108.17,8.42,112.11,3.926,86.4,716.9646
2022-05-06,109.72,8.35,113.86,4.08,85.0,696.4083
2022-05-09,103.08,8.06,106.67,3.868,78.09,640.4178
2022-05-10,99.74,6.78,102.61,3.778,,640.3052
2022-05-11,105.5,7.53,107.7,3.95,113.2,602.443
2022-05-12,106.15,7.25,108.06,4.082,94.1,610.1663
2022-05-13,110.52,7.75,112.12,4.303,,654.5812
2022-05-16,114.07,8.07,114.86,4.36,84.85,641.0928
2022-05-17,112.31,8.26,112.89,4.138,88.58,680.5615
2022-05-18,109.67,8.53,110.04,3.954,141.0,662.5492
2022-05-19,112.21,8.21,113.22,4.062,170.36,680.9917
2022-05-20,112.63,7.97,113.63,3.983,,675.0978
2022-05-23,110.32,8.16,115.13,3.922,73.99,679.7959
2022-05-24,112.55,8.87,115.77,3.929,82.33,656.7684
2022-05-25,112.88,9.44,116.41,4.122,92.6,669.4296
2022-05-26,116.19,9.19,119.81,4.143,92.58,705.1804
2022-05-27,114.96,8.3,121.19,4.314,152.09,740.7321
2022-05-30,,,123.01,,,
2022-05-31,114.38,8.46,125.53,4.332,122.09,729.5155
2022-06-01,115.26,8.47,122.2,4.417,98.31,711.8981
2022-06-02,116.88,8.9,,4.567,86.45,752.3989
2022-06-03,118.97,8.34,125.68,4.645949999999999,90.69,736.5268
2022-06-06,118.41,9.08,124.99,4.585,95.44,759.8728
2022-06-07,119.19185000000003,9.28,126.89,4.492,109.65,766.4541
2022-06-08,119.19185000000003,9.43,127.30980000000002,4.619,104.35,757.2705
2022-06-09,119.19185000000003,8.16,127.30980000000002,4.579,83.76,734.2922
2022-06-10,119.19185000000003,8.78,127.30980000000002,4.48,122.11,713.4725
2022-06-13,119.19185000000003,9.0,127.30980000000002,4.343,177.56,659.2694
2022-06-14,118.92,7.68,127.02,4.292,186.21,667.9217
2022-06-15,115.32,7.72,124.96,4.145,191.13189999999986,689.1912
2022-06-16,117.56,7.88,125.78,4.146,189.35,641.8395
2022-06-17,109.56,7.37,119.22,4.068,107.48,673.5448
2022-06-20,,,118.25,,110.35,
2022-06-21,110.49,6.6,118.51,4.068,119.55,697.245
2022-06-22,106.22,6.76,115.54,4.065,90.55,692.6371
2022-06-23,105.75,6.54,114.5,4.021,101.56,707.5226
2022-06-24,109.07,5.8,117.36,4.15,99.36,725.8567
2022-06-27,111.44,6.09,119.69,4.095,83.22,730.7769
2022-06-28,113.66,6.66,122.21,4.132,95.39,700.5448
2022-06-29,111.65,6.69,120.8,3.974,129.88,678.5778
2022-06-30,107.76,6.54,119.78,3.783,123.75,683.0585
2022-07-01,110.3,5.75,119.21,3.887,119.35,677.9545
2022-07-04,,,121.8,,,
2022-07-05,101.55,5.72,110.49,3.397,120.43,682.1606
2022-07-06,100.31,5.65,108.54,3.253,106.79,673.716
2022-07-07,104.62,5.83,113.4,3.342,106.2,713.66
2022-07-08,106.78,6.4,113.95,3.39,99.69,723.8984
2022-07-11,106.09,6.82,114.85,3.443,113.96,686.9493
2022-07-12,97.69,6.81,106.98,3.208,107.73,675.466
2022-07-13,98.44,6.68,107.17,3.249,104.0,681.0669
2022-07-14,97.79,6.9,107.74,3.204,91.13,684.0958
2022-07-15,99.59,6.6,112.26,3.299,105.53,681.0209
2022-07-18,104.48,7.65,117.27,3.352,142.99,690.6579
2022-07-19,106.12,7.35,114.96,3.338,165.06,708.5573
2022-07-20,104.45,7.58,115.86,3.261,165.08,723.8797
2022-07-21,98.44,7.99,112.81,3.154,150.31,734.1308
2022-07-22,97.71,8.25,106.77,3.216,146.8,713.5901
2022-07-25,99.83,8.52,108.23,3.371,107.11,721.8181
2022-07-26,97.74,9.46,107.32,3.35,121.33,708.4556
2022-07-27,100.03,8.65,109.64,3.339,123.19,748.4292
2022-07-28,99.11,8.75,109.68,3.278,107.65,792.3638
2022-07-29,101.31,8.33,111.51,3.262,115.93,814.3245
2022-08-01,96.59,8.2,106.09,3.155,124.53,804.7493
2022-08-02,97.14,8.01,106.51,3.209,137.81,821.4949
2022-08-03,93.25,7.81,101.82,3.087,136.19,820.0993
2022-08-04,91.29,8.4,97.99,2.919,125.54,831.7433
2022-08-05,91.77,8.3,100.31,2.987,130.88,834.8699
2022-08-08,93.52,7.76,103.46,3.016,155.84,837.5829
2022-08-09,93.18,7.87,103.81,3.168,121.1,821.3745
2022-08-10,94.68,7.86,105.06,3.244,105.11,867.0816
2022-08-11,97.02,8.53,107.19,3.229,86.18,860.0666
2022-08-12,94.86,8.73,103.7,3.247,86.71,892.1067
2022-08-15,92.24,8.62,98.25,3.163,98.14,895.0813
2022-08-16,89.23,9.28,95.36,3.123,100.6,878.4869
2022-08-17,90.85,9.502799999999999,97.22,3.169,105.74,861.5796
2022-08-18,93.2,9.42,96.35,3.272,116.5,880.3988
2022-08-19,93.55,9.14,96.45,3.223,106.19,848.0988
2022-08-22,93.42,9.502799999999999,95.06,3.105,115.94,831.9856
2022-08-23,96.46,9.502799999999999,99.49,3.143,134.38,838.1466
2022-08-24,95.52,9.27,99.87,3.044,126.46,860.2713
2022-08-25,93.33,9.47,98.81,3.029,115.52,886.7519
2022-08-26,93.63,9.48,101.13,3.101,147.32,858.3788
2022-08-29,97.4,9.24,,3.153,140.63,847.7117
2022-08-30,92.08,9.1,99.34,2.969,110.21,835.2989
2022-08-31,90.09,8.93,96.55,3.07,113.61,838.0028
2022-09-01,87.09,9.38,92.24,3.112,115.61,816.9214
2022-09-02,87.29,9.18,93.09,3.429,107.88,803.3777
2022-09-05,,,94.22,,,
2022-09-06,87.35,8.52,91.43,3.574,101.47,810.4878
2022-09-07,82.5,8.12,86.83,3.461,96.31,849.3902
2022-09-08,84.04,8.27,87.99,3.575,106.08,863.0933
2022-09-09,87.27,8.31,91.68,3.607,111.48,875.8396
2022-09-12,88.18,8.2,93.45,3.567,108.89,887.3568
2022-09-13,87.84,8.49,92.04,3.453,107.42,866.6912
2022-09-14,88.88,8.7,92.83,3.503,106.33,887.4679
2022-09-15,85.72,8.6,89.28,3.408,108.89,867.003
2022-09-16,85.57,8.11,89.43,3.401,152.25,860.5607
2022-09-19,86.15,7.96,,3.916,120.03,864.3645
2022-09-20,84.69,8.01,89.62,3.896,130.11,836.3227
2022-09-21,83.38,7.99,89.86,3.918,93.04,831.8911
2022-09-22,84.02,7.76,90.4,3.966,73.08,790.8969
2022-09-23,79.07,6.75,84.29,3.85,68.61,770.2107
2022-09-26,77.17,6.75,82.55,4.645949999999999,54.49,758.8697
2022-09-27,78.91,6.83,85.97,4.645949999999999,63.96,772.1452
2022-09-28,82.61,6.59,89.55,4.578,62.39,790.1446
2022-09-29,81.78,6.57,89.41,4.645949999999999,67.11,746.3585
2022-09-30,79.91,6.4,88.9,4.645949999999999,72.06,744.1296
2022-10-03,84.05,5.64,90.68,4.645949999999999,73.63,756.5744
2022-10-04,86.87,5.4,93.74,4.645949999999999,73.53,795.6759
2022-10-05,88.22,5.84,94.35,4.547,72.62,770.6277
2022-10-06,88.9,6.91,95.65,4.583,74.43,760.721
2022-10-07,93.07,6.25,98.88,3.282,77.67,724.9231
2022-10-10,91.6,,97.13,,80.39,713.8249
2022-10-11,89.75,6.2,95.17,2.937,73.56,706.5539
2022-10-12,87.83,6.6,93.44,2.87,,687.1744
2022-10-13,89.59,6.25,95.16,2.942,72.37,696.6703
2022-10-14,86.1,6.1,92.22,2.883,92.85,657.1091
2022-10-17,86.0,6.08,91.04,2.548,90.57,682.271
2022-10-18,83.29,6.16,89.46,2.51,86.58,696.929
2022-10-19,86.0,5.63,91.34,2.62,82.72,685.3651
2022-10-20,86.02,5.1,91.52,2.626,63.83,672.739
2022-10-21,85.47,4.45,91.82,2.816,56.03,697.0216
2022-10-24,86.12,4.81,91.57,2.772,62.74,691.7243
2022-10-25,86.93,5.17,91.76,2.849,66.73,727.1029
2022-10-26,89.39,5.28,92.93,2.908,62.97,738.656
2022-10-27,89.06,5.3,94.17,3.043,62.8,734.5122
2022-10-28,87.85,5.02,94.64,2.976,62.61,739.7398
2022-10-31,86.54,5.02,93.3,2.953,63.63,737.7645
2022-11-01,88.36,4.57,95.12,3.03,49.84,732.4807
2022-11-02,90.06,4.58,96.07,3.185,50.14,703.3322
2022-11-03,88.14,4.65,95.29,3.191,39.81,715.3702
2022-11-04,92.58,4.0,99.53,3.377,49.0,720.4252
2022-11-07,91.8,4.62,99.87,3.304,46.12,712.7827
2022-11-08,88.8,4.0,96.85,3.536,49.0,732.6388
2022-11-09,85.79,3.46,93.05,3.617,44.37,707.9778
2022-11-10,86.52,4.8,94.25,3.635,44.82,777.5835
2022-11-11,89.14,4.8,96.37,,78.97,789.0785
2022-11-14,85.85,6.24,93.59,3.253,88.05,775.5863
2022-11-15,86.87,5.9,94.3,3.12,89.68,785.1944
2022-11-16,85.62,5.88,92.61,3.101,87.89,764.6835
2022-11-17,81.69,6.2,91.0,2.647,87.39,759.8463
2022-11-18,80.07,6.1,88.93,2.367,83.66,756.6359
2022-11-21,79.74,6.23,88.44,2.387,68.05,741.6799
2022-11-22,80.83,6.27,88.65,2.364,52.56,754.667
2022-11-23,77.93,6.57,85.9,2.288,49.0,764.918
2022-11-24,,,85.59,,,
2022-11-25,76.45,6.57,83.4,2.208,,759.8051
2022-11-28,77.1,6.0,83.5,2.087,58.25,735.8459
2022-11-29,77.96,6.03,83.22,2.13,60.25,731.3554
2022-11-30,80.48,7.0,85.61,2.254,75.04,770.6504
2022-12-01,81.06,6.33,86.28,2.2,61.4,756.9567
2022-12-02,79.86,4.92,86.54,2.099,55.52,769.517
2022-12-05,76.83,4.15,83.36,1.993,53.53,748.577
2022-12-06,74.21,4.58,79.92,1.934,50.36,716.0595
2022-12-07,71.93,4.49,77.11,1.873,56.13,716.7988
2022-12-08,71.3,4.79,76.02,2.074,61.47,722.7475
2022-12-09,71.05,4.98,76.37,2.057,66.0,714.6953
2022-12-12,72.96,6.73,78.0,2.091,81.89,715.9077
2022-12-13,75.44,7.2,80.14,2.167,101.91,725.385
2022-12-14,77.14,6.54,83.33,2.105,80.18,720.6069
2022-12-15,75.89,6.8,82.34,2.189,78.75,696.0999
2022-12-16,74.19,6.63,80.2,2.149,124.97,681.3272
2022-12-19,75.05,6.08,81.66,2.285,85.45,664.2446
2022-12-20,75.92,5.28,79.45,2.32,79.86,657.8996
2022-12-21,78.17,6.13,80.25,2.362,69.11,667.9494
2022-12-22,77.68,7.1,79.58,2.368,181.75,639.6161
2022-12-23,79.57,7.15,82.45,2.529,,634.0666
2022-12-26,,,,,,
2022-12-27,79.45,4.88,,2.527,81.55,605.7827
2022-12-28,78.89,4.06,81.7,2.517,51.75,597.8183
2022-12-29,78.43,3.78,80.96,2.611,40.85,616.2548
2022-12-30,80.16,3.52,82.82,2.777,34.43,617.3999
2023-01-02,,,,,,
2023-01-03,76.87,3.64,80.36,2.618,36.5,599.7874
2023-01-04,72.82,3.75,75.31,2.443,40.65,614.8089
2023-01-05,73.61,3.78,76.73,2.327,45.75,596.1126
2023-01-06,73.77,3.43,76.41,2.327,49.25,609.6387
2023-01-09,74.69,3.65,77.5,2.358,44.9,624.6968
2023-01-10,75.11,3.32,78.4,2.372,47.5,636.2003
2023-01-11,77.46,3.41,81.11,2.467,37.91,661.452
2023-01-12,78.32,3.47,82.59,2.488,,676.1533
2023-01-13,79.9,3.43,83.43,2.556,,677.6892
2023-01-16,,,82.65,,45.0,
2023-01-17,80.25,3.43,84.38,2.577,39.56,687.0285
2023-01-18,79.53,3.2,83.78,2.52,37.23,684.6186
2023-01-19,80.31,2.91,85.08,2.611,38.16,650.7567
2023-01-20,81.27,3.15,86.96,2.652,46.97,669.6419
2023-01-23,81.62,3.43,87.54,2.609,43.97,704.8127
2023-01-24,79.86,3.35,85.25,2.639,43.5,697.7164
2023-01-25,79.78,3.09,85.08,2.574,38.8,695.5861
2023-01-26,80.64,2.72,86.29,2.652,35.29,701.5028
2023-01-27,79.73,2.83,85.36,2.816,39.22,731.5675
2023-01-30,77.97,2.82,84.9,2.875,48.02,706.4107
2023-01-31,78.95,2.65,83.42,2.939,46.42,732.7969
2023-02-01,76.34,2.65,81.61,2.84,44.37,752.2569
2023-02-02,75.87,2.67,80.57,2.834,112.78,765.0693
2023-02-03,73.4,2.4,78.85,2.69,32.24,749.7524
2023-02-06,74.11,2.17,80.48,2.757,27.33,744.4763
2023-02-07,77.17,2.35,82.92,2.874,25.44,749.9398
2023-02-08,78.47,2.4,84.17,2.873,23.62,739.2717
2023-02-09,78.04,2.4,83.46,2.832,27.13,726.3175
2023-02-10,79.74,2.37,85.46,2.904,29.13,718.0951
2023-02-13,80.14,2.42,85.98,2.917,23.79,725.6241
2023-02-14,79.08,2.42,84.96,2.961,22.41,736.7414
2023-02-15,78.57,2.45,84.11,3.073,26.99,762.8045
2023-02-16,78.45,2.48,83.84,2.993,33.87,739.9358
2023-02-17,76.31,2.28,81.97,2.984,29.91,726.9355
2023-02-20,,,82.79,,27.97,
2023-02-21,76.28,2.12,82.14,2.917,28.67,694.5031
2023-02-22,73.95,2.07,79.55,2.825,25.24,697.2274
2023-02-23,75.26,2.17,82.08,2.936,35.32,697.1905
2023-02-24,76.19,2.36,82.31,2.93,31.92,679.703
2023-02-27,75.57,2.55,81.24,2.996,30.31,699.103
2023-02-28,76.88,2.5,83.21,3.095,30.66,702.8532
2023-03-01,77.57,2.59,83.68,3.131,28.65,699.8605
2023-03-02,78.05,2.67,84.15,3.143,36.88,689.1454
2023-03-03,79.62,2.66,85.74,3.181,33.37,712.6763
2023-03-06,80.39,2.46,85.86,3.174,35.11,709.7251
2023-03-07,77.45,2.52,83.03,3.033,36.83,695.4833
2023-03-08,76.56,2.5,82.1,2.916,32.11,700.1845
2023-03-09,75.6,2.5,81.0,2.711,35.78,678.5076
2023-03-10,76.55,2.4,82.3,2.748,40.08,656.3236
2023-03-13,74.68,2.4,79.67,2.654,40.55,655.236
2023-03-14,71.18,2.65,76.77,2.616,34.08,663.797
2023-03-15,67.38,2.45,74.3,2.503,30.85,641.6975
2023-03-16,68.15,2.45,73.12,2.519,27.46,645.643
2023-03-17,66.61,2.42,71.03,2.507,,624.5461
2023-03-20,67.56,2.23,72.42,2.432,30.63,634.0552
2023-03-21,69.4,1.93,74.78,2.435,26.54,661.2344
2023-03-22,70.71,2.03,76.08,2.567,25.89,643.7881
2023-03-23,69.77,2.08,74.31,2.588,24.93,650.521
2023-03-24,69.22,2.04,73.63,2.625,29.98,643.7869
2023-03-27,72.87,2.04,76.8,2.751,31.1,642.8615
2023-03-28,73.12,2.02,78.07,2.779,26.3,637.6728
2023-03-29,72.95,1.94,77.51,2.75,26.16,659.7427
2023-03-30,74.32,1.95,78.45,2.793,24.26,665.0867
2023-03-31,75.68,2.1,79.19,2.843,30.06,682.6738
2023-04-03,80.4,2.09,85.81,2.976,29.58,666.5064
2023-04-04,80.7,2.13,85.7,2.859,35.67,652.8085
2023-04-05,80.69,2.17,85.89,2.873,42.74,632.082
2023-04-06,80.7,2.18,86.56,2.913,28.06,627.644
2023-04-07,,,,,,
2023-04-10,79.79,2.15,,2.927,30.14,639.6747
2023-04-11,81.54,2.19,87.32,2.959,31.39,646.5921
2023-04-12,83.26,2.22,88.31,2.957,37.32,636.8147
2023-04-13,82.16,2.04,86.51,2.91,37.61,650.4411
2023-04-14,82.58,1.87,87.31,2.936,33.11,642.0686
2023-04-17,80.93,2.21,85.63,2.86,32.8,657.1093
2023-04-18,80.85,2.23,85.48,2.768,32.33,653.5042
2023-04-19,79.18,2.2,85.34,2.614,38.49,643.9823
2023-04-20,77.27,2.19,83.29,2.558,44.9,630.956
2023-04-21,77.86,2.2,83.36,2.604,36.57,624.1667
2023-04-24,78.64,2.19,84.23,2.739,39.67,627.3457
2023-04-25,77.05,2.21,82.13,2.686,33.04,607.9904
2023-04-26,74.33,2.19,79.19,2.692,34.61,581.1299
2023-04-27,74.77,2.17,80.11,2.679,33.06,589.2075
2023-04-28,76.78,2.27,81.32,2.677,33.87,587.7665
2023-05-01,75.65,2.24,,2.702,33.55,582.2556
2023-05-02,71.71,2.12,76.71,2.546,35.63,571.8719
2023-05-03,68.62,2.01,72.91,2.431,36.83,573.2163
2023-05-04,68.52,1.96,73.0,2.439,30.8,569.1257
2023-05-05,71.32,1.85,75.85,2.528,38.44,591.7724
2023-05-08,73.13,2.12,,2.593,36.47,597.4335
2023-05-09,73.68,2.22,77.76,2.597,34.84,593.8374
2023-05-10,72.53,2.12,76.7,2.616,41.33,598.2793
2023-05-11,70.81,2.07,75.32,2.539,47.85,598.242
2023-05-12,70.02,1.98,74.54,2.501,34.78,610.7357
2023-05-15,71.07,2.25,75.46,2.593,38.49,618.2316
2023-05-16,70.85,2.28,75.15,2.609,32.17,606.6047
2023-05-17,72.78,2.25,76.98,2.677,29.25,619.9539
2023-05-18,71.82,2.3,75.75,2.74,30.62,620.016
2023-05-19,71.57,2.37,75.42,2.805,36.14,612.8269
2023-05-22,71.81,2.3,75.77,2.891,35.79,628.3313
2023-05-23,72.87,2.22,76.66,2.815,32.35,625.0836
2023-05-24,74.37,2.25,77.99,2.837,27.03,614.5063
2023-05-25,71.68,2.23,75.66,2.83,24.82,616.5943
2023-05-26,72.35,1.88,76.33,2.915,32.83,629.4752
2023-05-29,,,,,,
2023-05-30,69.45,2.11,73.38,2.828,38.96,634.8238
2023-05-31,68.11,2.1,71.98,2.759,45.79,626.3918
2023-06-01,70.09,1.77,74.18,2.658,53.82,635.7682
2023-06-02,71.76,1.74,76.0,2.725,31.97,644.3393
2023-06-05,72.14,1.92,76.61,2.743,32.37,640.3568
2023-06-06,71.71,1.95,76.22,2.879,29.52,651.9376
2023-06-07,72.52,2.13,76.85,3.09,27.36,656.3472
2023-06-08,71.28,2.1,75.88,2.951,26.6,658.2196
2023-06-09,70.16,1.85,74.74,2.868,29.26,652.2433
2023-06-12,67.08,1.9,71.8,2.761,23.8,664.8676
2023-06-13,69.39,2.0,74.24,2.826,27.46,681.5712
2023-06-14,68.22,2.05,73.39,2.776,31.23,671.7396
2023-06-15,70.61,2.18,75.75,2.859,27.26,675.151
2023-06-16,71.81,2.13,76.76,2.767,33.98,668.146
2023-06-19,,,76.09,,33.03,
2023-06-20,70.94,2.38,75.79,2.739,28.93,662.8948
2023-06-21,72.55,2.24,76.92,2.746,28.79,651.4712
2023-06-22,69.22,2.27,73.93,2.613,33.66,645.248
2023-06-23,68.91,2.22,73.56,2.692,39.05,630.4411
2023-06-26,69.09,2.62,73.86,2.771,34.21,629.6401
2023-06-27,67.68,2.68,71.88,2.741,35.67,646.2106
2023-06-28,69.54,2.71,73.64,2.83,,647.1758
2023-06-29,69.85,2.4,73.86,2.887,41.99,655.5907
2023-06-30,70.66,2.48,74.51,2.912,39.39,670.7344
2023-07-03,69.71,2.48,74.52,2.838,46.94,686.7289
2023-07-04,,,76.23,,,
2023-07-05,71.78,2.65,76.74,2.883,47.55,683.5236
2023-07-06,71.76,2.5,76.72,2.89,41.24,668.8664
2023-07-07,73.91,2.49,78.77,2.925,39.71,688.1737
2023-07-10,73.05,2.55,77.83,2.956,45.21,704.3284
2023-07-11,74.87,2.57,79.54,2.763,44.95,706.2485
2023-07-12,75.77,2.55,80.35,2.994,47.88,718.4349
2023-07-13,76.86,2.5,81.31,3.001,44.35,728.8372
2023-07-14,75.44,2.5,79.9,2.848,50.92,713.1955
2023-07-17,74.17,2.46,77.8,2.849,44.84,736.5645
2023-07-18,75.76,2.52,79.54,2.859,41.09,737.3192
2023-07-19,75.4,2.51,79.38,2.89,40.03,735.3029
2023-07-20,75.65,2.61,79.62,2.865,39.5,711.6434
2023-07-21,77.06,2.61,81.06,2.926,44.95,706.6461
2023-07-24,78.81,2.68,82.53,3.046,52.43,705.7143
2023-07-25,79.76,2.66,83.46,3.088,57.97,704.8245
2023-07-26,79.11,2.6,82.98,3.137,93.58,706.499
2023-07-27,80.17,2.47,84.28,3.191,145.34,693.3741
2023-07-28,80.55,2.53,84.49,3.255,39.3,703.8583
2023-07-31,81.8,2.58,85.22,3.194,37.6,714.5931
2023-08-01,81.37,2.49,85.34,3.115,33.88,700.8317
2023-08-02,79.5,2.43,84.01,3.078,36.18,669.0092
2023-08-03,81.56,2.44,86.19,3.094,36.06,667.8212
2023-08-04,82.76,2.53,87.38,3.149,40.58,660.6321
2023-08-07,81.94,2.65,86.47,3.126,34.01,653.3295
2023-08-08,82.94,2.77,88.0,3.131,36.85,651.5433
2023-08-09,84.35,2.92,89.31,3.219,35.82,646.1697
2023-08-10,82.81,2.83,87.44,3.213,41.36,636.9317
2023-08-11,83.17,2.61,87.93,3.288,41.49,629.302
2023-08-14,82.5,2.74,87.4,3.236,44.79,633.4259
2023-08-15,81.06,2.65,86.28,3.177,38.33,615.0188
2023-08-16,79.4,2.55,84.49,3.193,35.23,602.3865
2023-08-17,80.43,2.56,85.24,3.304,30.47,590.0062
2023-08-18,81.25,2.44,85.92,3.274,65.69,588.9397
2023-08-21,80.71,2.6,85.44,3.235,41.38,596.9857
2023-08-22,80.25,2.58,84.7,3.253,,591.9851
2023-08-23,78.91,2.6,83.94,3.235,44.42,602.4061
2023-08-24,79.52,2.42,84.07,3.559,45.96,584.8575
2023-08-25,80.47,2.46,85.42,3.658,32.79,593.2672
2023-08-28,80.65,2.6,,3.441,36.58,597.8156
2023-08-29,81.14,2.5,86.37,3.491,34.04,622.9978
2023-08-30,81.64,2.48,86.62,3.471,26.73,622.8064
2023-08-31,83.55,2.56,87.29,3.418,24.07,622.5047
2023-09-01,85.52,2.7,89.98,3.383,106.21,623.5647
2023-09-04,,,90.42,,93.6,
2023-09-05,86.74,2.6,91.25,3.373,63.51,622.9367
2023-09-06,87.55,2.49,91.79,3.396,59.95,609.5738
2023-09-07,86.87,2.45,91.16,3.425,40.51,601.5478
2023-09-08,87.51,2.53,91.85,3.501,37.75,596.5588
2023-09-11,87.3,2.5,91.97,3.562,46.45,603.2726
2023-09-12,88.87,2.72,93.58,3.563,37.93,605.0317
2023-09-13,88.59,2.76,93.04,3.664,33.26,599.4145
2023-09-14,90.13,2.81,95.2,3.761,31.07,611.2456
2023-09-15,90.83,2.74,95.55,4.313,36.39,602.6132
2023-09-18,91.47,2.54,95.95,4.3,32.49,590.2429
2023-09-19,91.16,2.46,96.11,4.168,34.89,588.6589
2023-09-20,89.2,2.78,94.56,3.91,36.92,581.0583
2023-09-21,89.56,2.7,93.7,3.422,33.16,564.1672
2023-09-22,90.0,2.63,93.99,3.723,34.95,558.9056
2023-09-25,89.68,2.63,94.01,3.839,39.87,562.2989
2023-09-26,91.43,2.55,94.46,3.876,36.9,554.505
2023-09-27,93.67,2.72,97.1,4.467,36.53,552.3257
2023-09-28,91.65,2.74,96.64,4.014,37.29,556.3714
2023-09-29,90.77,2.68,95.86,3.936,52.39,558.255
2023-10-02,88.81,2.7,91.21,3.409,59.09,541.5555
2023-10-03,89.26,2.71,94.46,2.95,61.29,520.8518
2023-10-04,84.32,2.92,89.83,2.63,50.58,533.0389
2023-10-05,82.3,2.92,88.28,2.499,39.55,509.1243
2023-10-06,82.83,3.3,87.86,2.526,39.6,520.3709
2023-10-09,,,91.37,,39.29,513.4235
2023-10-10,85.89,3.34,90.7,2.713,42.68,537.6499
2023-10-11,83.7,3.19,87.58,2.679,38.9,540.2215
2023-10-12,82.87,3.16,88.4,2.532,39.02,530.9476
2023-10-13,87.67,3.11,94.33,2.614,47.58,521.0789
2023-10-16,86.65,2.98,90.99,2.638,49.77,531.3669
2023-10-17,86.66,2.94,92.52,2.639,43.29,537.56
2023-10-18,88.35,2.92,91.99,2.705,43.0,512.1863
2023-10-19,89.35,2.84,93.12,2.578,41.67,492.7907
2023-10-20,89.12,2.6,93.72,2.623,47.44,473.8288
2023-10-23,85.49,2.65,91.88,2.574,38.47,470.9048
2023-10-24,84.58,2.85,88.0,2.449,35.45,479.0208
2023-10-25,86.07,2.86,90.14,2.461,38.98,465.4096
2023-10-26,83.8,2.87,88.45,2.53,41.21,464.1274
2023-10-27,86.04,3.24,90.73,2.583,46.92,452.4038
2023-10-30,83.03,3.17,90.73,2.505,44.45,434.1821
2023-10-31,81.64,3.34,86.82,2.508,53.49,439.2593
2023-11-01,81.05,3.19,86.92,2.432,52.74,437.0986
2023-11-02,83.04,3.12,89.02,2.483,43.27,459.2449
2023-11-03,81.19,3.0,87.55,2.493,36.25,469.8527
2023-11-06,81.54,2.71,87.31,2.575,31.76,456.1409
2023-11-07,77.96,2.0,83.43,2.59,30.59,458.4477
2023-11-08,75.85,2.18,81.46,2.554,32.39,447.512
2023-11-09,76.34,2.71,81.74,2.607,38.46,430.8725
2023-11-10,,2.71,83.66,2.627,44.02,431.567
2023-11-13,78.86,2.61,84.09,2.682,43.08,433.9168
2023-11-14,78.9,2.69,84.2,2.693,44.37,469.0297
2023-11-15,77.15,2.88,82.4,2.697,42.91,478.1884
2023-11-16,73.5,2.91,77.73,2.582,35.0,466.9999
2023-11-17,76.47,2.62,81.22,2.49,40.54,471.4023
2023-11-20,78.1,2.49,83.25,2.419,49.95,479.5497
2023-11-21,78.35,2.63,82.42,2.435,35.07,468.5609
2023-11-22,76.8,2.72,81.76,2.425,33.98,469.4074
2023-11-23,,,80.85,,,
2023-11-24,74.83,2.72,79.82,2.361,53.83,470.2674
2023-11-27,74.46,2.74,79.49,2.391,56.74,464.7712
2023-11-28,76.09,2.78,81.66,2.492,58.85,474.8201
2023-11-29,77.56,2.7,82.98,2.562,41.28,480.5016
2023-11-30,75.66,2.75,81.72,2.415,34.08,477.9087
2023-12-01,73.7,2.63,78.72,2.346,37.54,496.9464
2023-12-04,72.73,2.55,78.16,2.325,40.27,494.4244
2023-12-05,71.95,2.72,77.27,2.261,46.84,484.1841
2023-12-06,68.98,2.76,74.33,2.332,45.26,485.2632
2023-12-07,69.0,2.52,74.21,2.396,33.61,493.2272
2023-12-08,70.87,2.57,75.94,2.48,43.03,493.4898
2023-12-11,70.95,2.39,75.75,2.449,53.7,495.4321
2023-12-12,68.27,2.37,74.11,2.051,42.84,484.8793
2023-12-13,69.09,2.33,74.14,2.093,37.75,513.8773
2023-12-14,71.21,2.39,77.05,2.215,34.18,553.1886
2023-12-15,71.05,2.44,76.84,2.183,38.04,553.7631
2023-12-18,72.16,2.59,78.89,2.192,48.32,549.1893
2023-12-19,73.23,2.44,79.82,2.221,42.01,562.9428
2023-12-20,73.87,2.48,81.1,2.207,37.78,538.3131
2023-12-21,73.59,2.48,80.73,2.187,34.62,554.291
2023-12-22,73.29,2.54,80.23,2.376,29.78,556.3441
2023-12-25,,,,,,
2023-12-26,75.84,2.5,,2.603,27.05,565.901
2023-12-27,74.31,2.63,80.97,2.502,27.93,565.2246
2023-12-28,72.02,2.55,79.04,2.496,28.27,561.9915
2023-12-29,71.89,2.58,77.69,2.489,33.65,552.079
2024-01-01,,,,,,
2024-01-02,70.62,2.56,76.24,2.45,35.49,542.3712
2024-01-03,72.97,2.57,77.18,2.508,42.17,522.4185
2024-01-04,72.38,2.83,75.79,2.448,46.91,510.2261
2024-01-05,74.0,2.75,78.31,2.187,36.2,506.4785
2024-01-08,71.06,2.72,75.47,2.107,32.04,513.0691
2024-01-09,72.43,3.25,77.97,2.041,35.25,507.1659
2024-01-10,71.57,3.25,78.46,2.07,37.33,501.2263
2024-01-11,72.15,3.15,80.21,2.131,32.46,490.3952
2024-01-12,72.94,9.502799999999999,79.89,2.082,166.89,481.0827
2024-01-15,,,79.76,,143.64,
2024-01-16,72.63,3.25,80.15,2.068,167.9,470.0919
2024-01-17,72.79,2.86,78.88,2.134,75.82,457.745
2024-01-18,74.32,2.88,81.04,2.177,69.19,455.4851
2024-01-19,73.69,2.7,80.71,2.151,66.55,456.5486
2024-01-22,75.26,2.35,81.7,2.086,37.55,468.005
2024-01-23,74.72,2.15,82.04,2.059,30.83,474.7416
2024-01-24,75.48,2.45,82.15,2.067,27.17,464.8614
2024-01-25,77.91,2.56,82.33,2.525,28.4,458.513
2024-01-26,78.45,2.36,83.34,2.564,37.59,456.138
2024-01-29,77.25,2.41,83.99,2.609,37.36,471.3174
2024-01-30,78.3,2.26,84.14,2.63,36.95,464.2713
2024-01-31,76.28,2.19,82.98,2.666,28.29,454.3853
2024-02-01,74.36,2.15,82.2,2.547,26.75,462.5379
2024-02-02,72.72,2.01,79.54,2.439,28.77,455.7231
2024-02-05,73.21,2.12,79.3,2.568,31.05,445.7613
2024-02-06,73.83,2.1,80.46,2.587,28.05,454.8922
2024-02-07,74.26,1.94,81.18,2.62,23.31,462.2285
2024-02-08,76.67,1.74,83.01,2.589,21.9925,469.011
2024-02-09,77.26,1.74,83.58,2.614,28.41,479.6305
2024-02-12,77.34,1.76,83.88,2.656,34.39,488.5374
2024-02-13,78.28,1.61,84.72,2.674,32.91,463.339
2024-02-14,77.09,1.51,84.41,2.604,23.51,480.4553
2024-02-15,78.47,1.53,84.33,2.653,24.55,489.872
2024-02-16,79.65,1.55,84.88,2.648,31.94,484.2759
2024-02-19,,,85.52,,26.57,
2024-02-20,78.72,1.5,84.78,2.612,23.06,472.7286
2024-02-21,78.89,1.58,84.77,2.474,24.5,467.5913
2024-02-22,79.64,1.62,85.84,2.5,23.99,449.4677
2024-02-23,77.6,1.52,84.18,2.455,23.09,438.6314
2024-02-26,78.53,1.65,84.01,2.441,21.9925,446.2878
2024-02-27,79.8,1.52,83.8,2.477,23.82,452.5727
2024-02-28,79.44,1.61,84.08,2.436,30.72,452.6977
2024-02-29,79.22,1.67,84.57,2.505,28.95,460.1548
2024-03-01,80.9,1.47,84.82,2.805,25.47,468.7726
2024-03-04,79.67,1.48,86.58,2.786,26.11,457.3661
2024-03-05,79.11,1.51,85.82,2.729,27.7,443.1874
2024-03-06,80.08,1.67,86.59,2.728,,451.0706
2024-03-07,79.81,1.56,84.88,2.735,22.86,463.5878
2024-03-08,78.96,1.54,84.29,2.695,32.42,459.7027
2024-03-11,78.87,1.54,83.44,2.762,25.16,460.1779
2024-03-12,78.51,1.57,83.66,2.8,22.88,453.356
2024-03-13,80.67,1.38,83.95,2.868,21.9925,443.9203
2024-03-14,82.16,1.38,86.16,2.907,23.18,427.1203
2024-03-15,81.94,1.38,85.39,2.955,32.21,426.098
2024-03-18,83.68,1.54,86.47,2.975,29.01,429.5344
2024-03-19,84.39,1.55,87.36,2.991,29.49,425.472
2024-03-20,82.79,1.58,85.77,3.006,,437.4842
2024-03-21,81.99,1.55,84.92,3.017,28.5,441.7486
2024-03-22,81.1,1.5,84.87,3.03,29.13,435.9895
2024-03-25,82.41,1.46,86.18,3.052,28.59,433.8686
2024-03-26,82.41,1.48,85.91,3.12,31.5,431.3969
2024-03-27,82.15,1.43,84.94,3.121,31.85,452.6924
2024-03-28,83.96,1.54,86.17,3.138,22.79,453.0482
2024-03-29,,,,,,
2024-04-01,84.54,1.64,,3.203,30.9,451.6968
2024-04-02,85.95,1.65,87.63,3.268,33.69,435.9656
2024-04-03,86.22,1.86,90.6,3.266,,440.2589
2024-04-04,87.37,1.78,90.32,3.397,36.71,436.8662
2024-04-05,87.69,1.58,92.81,3.295,34.99,433.2027
2024-04-08,87.24,1.73,91.73,3.269,29.94,442.0544
2024-04-09,86.04,1.83,92.13,3.11,33.94,453.0443
2024-04-10,86.98,1.9,91.57,3.297,32.66,441.9157
2024-04-11,85.79,1.62,91.49,3.264,33.5,443.2853
2024-04-12,86.46,1.38,93.12,3.277,40.56,427.0273
2024-04-15,86.21,1.41,90.84,3.268,33.94,412.9778
2024-04-16,86.15,1.38,91.29,3.296,30.95,405.3902
2024-04-17,83.58,1.5,89.54,3.15,,407.1839
2024-04-18,83.5,1.59,88.34,3.099,,401.336
2024-04-19,83.79,1.43,87.96,3.076,30.16,397.7143
2024-04-22,83.82,1.64,87.3,3.008,27.14,399.3373
2024-04-23,84.17,1.59,88.29,3.044,29.45,408.2319
2024-04-24,84.09,1.6,89.02,3.053,30.0,411.8051
2024-04-25,84.92,1.46,88.1,3.217,23.37,410.7708
2024-04-26,85.38,1.4,89.95,3.212,51.81,418.3435
2024-04-29,84.26,1.55,88.44,3.119,42.77,433.5917
2024-04-30,83.49,1.68,88.23,3.085,35.73,421.7376
2024-05-01,80.7,1.63,83.55,2.88,,421.3627
2024-05-02,80.59,1.66,84.81,2.894,33.68,433.9407
2024-05-03,79.65,1.67,83.6,2.822,37.2,448.8367
2024-05-06,80.1,1.88,,2.853,39.95,456.4158
2024-05-07,79.97,1.95,82.69,2.818,47.08,451.5946
2024-05-08,80.57,2.01,82.44,2.821,34.1,449.1472
2024-05-09,80.86,2.03,83.27,2.789,26.89,452.3163
2024-05-10,79.81,2.14,83.39,2.713,30.55,443.4756
2024-05-13,80.71,2.11,83.18,2.726,36.42,450.6033
2024-05-14,79.62,2.14,81.0,2.644,37.32,463.1929
2024-05-15,80.23,2.12,79.98,2.712,,460.8371
2024-05-16,80.85,2.32,81.65,2.711,37.15,459.4983
2024-05-17,81.66,2.44,82.24,2.746,39.88,458.7776
2024-05-20,81.39,2.52,81.91,2.659,53.28,458.51
2024-05-21,80.66,2.52,81.22,2.635,60.57,463.3917
2024-05-22,79.15,2.51,79.9,2.519,59.29,485.8438
2024-05-23,77.47,2.64,79.25,2.593,53.69,472.015
2024-05-24,78.48,2.22,78.92,2.665,40.09,492.8121
2024-05-27,,,,,50.5,
2024-05-28,80.9,2.29,81.34,2.688,39.0,493.6388
2024-05-29,80.24,2.2,81.5,2.632,,484.3393
2024-05-30,78.96,1.87,81.42,2.441,25.95,494.0466
2024-05-31,77.97,1.78,79.41,2.488,38.99,491.3763
2024-06-03,75.26,2.55,76.45,2.346,45.77,489.9536
2024-06-04,74.27,2.58,75.33,2.357,40.2,482.2673
2024-06-05,75.08,2.27,75.41,2.34,40.41,493.9117
2024-06-06,76.52,2.3,77.62,2.38,29.15,490.0769
2024-06-07,76.53,2.46,78.12,2.276,27.0,479.1505
2024-06-10,78.75,2.61,79.59,2.313,25.4,488.8034
2024-06-11,78.88,2.71,80.15,2.311,29.33,490.4424
2024-06-12,79.56,2.8,80.52,2.303,,497.7213
2024-06-13,79.61,2.79,81.44,2.352,37.83,488.1001
2024-06-14,79.41,2.74,81.49,2.422,70.38,471.3639
2024-06-17,81.33,2.5,82.45,2.466,56.49,466.8829
2024-06-18,82.67,2.43,84.79,2.5,58.49,465.3845
2024-06-19,,,85.64,,63.59,
2024-06-20,83.34,2.39,85.92,2.535,97.52,452.471
2024-06-21,81.71,2.44,86.42,2.546,58.74,449.7401
2024-06-24,82.63,2.58,86.75,2.547,42.28,451.0097
2024-06-25,81.97,2.61,86.81,2.614,43.53,446.3894
2024-06-26,82.19,2.45,85.76,2.536,,455.0454
2024-06-27,83.04,2.55,87.0,2.544,28.3,458.2221
2024-06-28,82.83,2.42,87.26,2.477,28.77,445.4215
2024-07-01,84.7,2.21,86.57,2.533,33.28,443.2176
2024-07-02,84.09,2.06,88.28,2.537,40.83,452.6402
2024-07-03,85.19,2.02,88.25,2.607,49.41,467.0909
2024-07-04,,,88.34,,,
2024-07-05,84.44,2.02,88.66,2.529,61.75,465.0758
2024-07-08,83.63,2.1,87.15,2.492,102.07,474.7701
2024-07-09,82.78,2.42,86.48,2.477,91.12,471.8672
2024-07-10,83.39,2.4,86.55,2.42,,483.4142
2024-07-11,83.92,2.23,86.49,2.405,40.68,491.4688
2024-07-12,83.49,2.17,87.35,2.388,169.88,509.4818
2024-07-15,83.22,2.12,86.42,2.363,139.92,494.995
2024-07-16,81.92,2.1,86.6,2.314,76.99,512.5256
2024-07-17,84.16,1.98,85.76,2.302,39.46,493.3507
2024-07-18,84.17,2.0,86.26,2.303,37.33,485.4056
2024-07-19,81.43,1.88,85.19,2.091,52.23,474.7688
2024-07-22,81.25,2.19,83.44,2.167,54.16,486.5809
2024-07-23,78.24,2.13,82.2,2.125,48.38,483.9507
2024-07-24,78.78,2.0,83.01,2.143,,468.629
2024-07-25,79.43,2.0,82.58,2.392,34.69,467.3417
2024-07-26,78.58,1.98,81.35,2.351,49.04,474.7625
2024-07-29,77.27,1.9,80.94,2.415,46.9,476.084
2024-07-30,76.17,1.81,79.26,2.397,79.98,464.4997
2024-07-31,79.36,1.94,81.39,2.457,98.71,478.8855
2024-08-01,77.74,1.95,81.37,2.379,83.91,459.5586
2024-08-02,74.99,1.89,78.35,2.243,90.5,435.4545
2024-08-05,74.46,1.83,77.51,2.285,56.07,422.7471
2024-08-06,74.6,1.83,76.62,2.256,34.86,423.6041
2024-08-07,76.68,1.96,78.26,2.312,,413.2506
2024-08-08,77.64,1.85,80.76,2.346,38.09,431.4435
2024-08-09,78.28,1.94,81.07,2.356,34.38,426.4176
2024-08-12,81.45,2.1,83.06,2.397,35.7,420.3469
2024-08-13,79.81,2.16,82.51,2.405,41.16,435.5205
2024-08-14,78.47,2.18,82.15,2.427,38.47,427.3841
2024-08-15,79.66,2.19,83.09,2.435,40.81,445.7871
2024-08-16,78.05,2.01,81.56,2.364,34.83,444.9378
2024-08-19,75.82,2.12,81.09,2.317,26.02,454.8565
2024-08-20,75.27,2.18,78.85,2.305,23.0,447.1933
2024-08-21,72.76,2.14,78.77,2.3,,456.203
2024-08-22,73.72,1.93,78.8,2.388,26.26,445.6971
2024-08-23,75.82,1.82,80.34,2.436,44.94,468.4565
2024-08-26,78.4,2.13,,2.433,70.06,465.6671
2024-08-27,76.5,1.91,81.51,2.591,98.3,462.0861
2024-08-28,75.49,1.89,80.04,2.545,48.6,453.2573
2024-08-29,76.9,1.85,81.55,2.581,36.51,457.1202
2024-08-30,74.52,1.93,80.2,2.535,24.78,460.8226
2024-09-02,,,77.82,,,
2024-09-03,71.28,1.93,76.46,2.444,24.81,436.154
2024-09-04,70.11,2.05,74.67,2.402,,441.4504
2024-09-05,70.09,2.02,74.47,2.384,30.29,440.3606
2024-09-06,68.58,2.09,72.82,2.354,25.89,423.8409
2024-09-09,69.65,2.03,72.37,2.381,35.76,423.2583
2024-09-10,66.73,2.13,70.34,2.354,44.75,428.5868
2024-09-11,68.25,2.13,70.31,2.369,45.52,451.3074
2024-09-12,69.89,2.13,73.81,2.463,39.15,448.5339
2024-09-13,69.59,2.25,73.68,2.466,40.0,454.1031
2024-09-16,71.1,2.23,73.96,2.425,39.63,452.7389
2024-09-17,72.16,2.33,74.55,2.45,37.75,459.412
2024-09-18,71.87,2.31,74.52,2.268,,456.6244
2024-09-19,72.86,2.24,75.93,2.334,48.79,464.3649
2024-09-20,72.72,2.2,75.96,2.244,37.65,454.6259
2024-09-23,71.33,2.4,74.95,2.256,42.6,460.4144
2024-09-24,72.34,2.61,75.29,2.315,50.53,464.4668
2024-09-25,70.42,2.62,75.4,2.323,49.56,455.5943
2024-09-26,68.28,2.64,73.06,2.298,37.01,467.435
2024-09-27,68.72,2.53,71.63,2.328,44.76,475.995
2024-09-30,68.75,2.65,72.35,2.315,56.13,470.3647
2024-10-01,70.41,2.67,75.3,2.256,44.93,460.0573
2024-10-02,70.74,2.77,74.86,2.272,,456.2991
2024-10-03,74.33,2.75,77.57,2.449,48.3,452.253
2024-10-04,74.93,2.49,79.32,2.444,51.83,459.2855
2024-10-07,77.76,2.51,81.74,2.505,43.32,459.5175
2024-10-08,74.26,2.51,78.19,2.357,40.22,453.998
2024-10-09,73.85,2.43,77.06,2.319,36.55,460.0254
2024-10-10,76.46,2.26,79.45,2.414,35.82,447.4643
2024-10-11,76.11,2.31,80.27,2.503,39.27,453.1651
2024-10-14,,,78.47,,43.73,453.3408
2024-10-15,71.22,2.37,73.68,2.393,48.55,442.5743
2024-10-16,70.97,2.21,73.65,2.218,,451.4981
2024-10-17,71.26,2.19,74.37,2.22,39.96,442.7231
2024-10-18,69.78,1.82,72.75,2.178,42.0,442.1477
2024-10-21,71.16,1.76,73.29,2.188,47.57,436.6474
2024-10-22,72.84,1.76,75.59,2.237,40.56,437.105
2024-10-23,71.37,1.9,74.68,2.185,38.26,425.9048
2024-10-24,70.58,2.04,74.27,2.176,38.31,438.7778
2024-10-25,72.02,1.93,75.62,2.22,41.51,443.8261
2024-10-28,67.65,2.03,71.87,2.177,32.86,450.7627
2024-10-29,67.48,1.82,71.09,2.143,35.38,446.2377
2024-10-30,68.91,2.03,73.21,2.19,,440.051
2024-10-31,69.58,1.82,73.25,2.183,,434.2597
2024-11-01,69.81,1.42,73.63,2.172,34.61,438.6906
2024-11-04,71.83,1.38,74.89,2.219,30.31,446.4513
2024-11-05,72.26,1.62,76.98,2.202,38.76,455.7876
2024-11-06,71.98,1.8,76.52,2.299,41.79,442.5759
2024-11-07,72.69,1.49,75.73,2.308,31.83,444.2138
2024-11-08,70.69,1.38,74.04,2.276,29.33,445.9471
2024-11-11,,1.38,72.19,,34.76,454.4247
2024-11-12,68.43,1.92,72.56,2.071,44.25,436.1841
2024-11-13,68.76,2.06,72.86,2.065,,438.6432
2024-11-14,68.99,2.11,73.39,2.103,37.43,432.2874
2024-11-15,67.33,1.65,73.45,2.089,31.23,427.7077
2024-11-18,69.46,2.08,74.35,2.173,29.28,435.672
2024-11-19,69.75,2.1,74.32,2.179,30.42,435.6192
2024-11-20,69.25,2.32,74.33,2.098,39.05,437.696
2024-11-21,70.39,2.84,75.09,2.191,47.97,440.3406
2024-11-22,71.68,2.41,76.1,2.168,30.05,451.6472
2024-11-25,69.41,2.78,74.27,2.163,33.87,464.9202
2024-11-26,69.05,3.19,74.56,2.15,40.86,456.1974
2024-11-27,69.03,3.39,73.91,2.124,,459.6893
2024-11-28,,,73.92,,,
2024-11-29,68.26,3.39,74.16,2.082,61.5,464.3285
2024-12-02,68.35,3.05,72.81,2.071,59.88,472.2524
2024-12-03,70.15,2.94,74.8,2.004,45.27,464.184
2024-12-04,68.81,2.75,74.68,1.94,55.45,458.383
2024-12-05,68.58,2.95,73.78,2.019,59.09,455.8535
2024-12-06,68.58,2.83,73.78,1.923,35.42,463.964
2024-12-09,68.65,3.05,73.73,1.995,33.23,476.3085
2024-12-10,68.85,2.9,73.64,1.998,39.05,467.3809
2024-12-11,70.57,2.9,74.38,2.068,,473.9318
2024-12-12,70.25,3.12,73.52,1.992,50.43,469.3048
2024-12-13,71.54,3.15,74.89,1.973,34.87,471.8831
2024-12-16,71.03,2.87,74.3,1.949,32.07,477.4906
2024-12-17,70.31,2.85,73.16,1.921,34.58,476.1664
2024-12-18,70.8,3.01,74.57,1.906,35.51,450.1327
2024-12-19,70.1,3.15,73.75,1.954,37.81,444.9964
2024-12-20,69.71,3.1,73.19,2.102,73.51,453.941
2024-12-23,69.5,2.89,72.12,2.203,36.28,460.3552
2024-12-24,70.87,2.95,73.5,2.16,34.5,468.607
2024-12-25,,,,,,
2024-12-26,70.38,2.96,,2.141,32.0,467.8681
2024-12-27,71.28,2.91,73.77,2.13,30.4,459.2347
2024-12-30,71.73,3.39,74.24,2.158,27.09,450.874
2024-12-31,72.44,3.4,74.58,2.13,38.69,444.2073
2025-01-01,,,,,,
2025-01-02,73.79,3.65,76.14,2.182,40.5,450.7141
2025-01-03,74.64,3.4,76.72,2.166,58.59,473.7364
2025-01-06,74.31,4.05,77.27,2.158,76.24,479.9402
2025-01-07,74.99,3.8,77.84,2.069,82.1,476.5585
2025-01-08,73.99,3.75,77.37,2.053,72.38,459.8681
2025-01-09,,3.94,78.44,,54.28,
2025-01-10,77.27,4.13,79.76,2.034,49.57,449.613
2025-01-13,79.57,4.4,82.69,2.057,61.39,448.1096
2025-01-14,78.2,4.32,82.39,2.144,64.53,447.4965
2025-01-15,80.73,4.45,83.48,2.202,56.08,457.5907
2025-01-16,79.35,4.3,82.39,2.277,44.72,459.4962
2025-01-17,78.56,9.502799999999999,83.02,2.182,163.2,461.7842
2025-01-20,,,81.68,,191.13189999999986,
2025-01-21,76.79,4.4,80.57,2.16,191.13189999999986,456.192
2025-01-22,76.12,3.91,80.0,2.236,87.42,443.6788
2025-01-23,75.03,3.91,78.62,2.235,61.67,449.4224
2025-01-24,74.97,3.84,78.71,2.23,44.69,449.6004
2025-01-27,73.51,3.71,77.3,2.307,37.22,436.8336
2025-01-28,74.15,3.4,78.01,2.373,34.11,428.3834
2025-01-29,72.94,3.38,77.02,2.36,38.42,432.1589
2025-01-30,73.1,3.12,77.42,2.322,33.92,439.8431
2025-01-31,72.84,2.93,77.11,2.377,36.0,439.4168
2025-02-03,73.52,3.3,76.49,2.464,39.48,427.9954
2025-02-04,73.04,3.25,76.58,2.444,47.56,436.2988
2025-02-05,71.39,3.22,74.71,2.501,43.17,433.4566
2025-02-06,70.97,3.31,74.54,2.533,38.96,438.0224
2025-02-07,71.32,3.32,74.68,2.576,51.09,430.2362
2025-02-10,72.73,3.48,76.23,2.626,57.8,426.2307
2025-02-11,73.67,3.65,77.65,2.744,60.93,415.7608
2025-02-12,71.72,3.97,75.38,2.682,45.63,417.3068
2025-02-13,71.66,4.43,75.61,2.561,50.33,431.0738
2025-02-14,71.05,4.6,75.19,2.546,65.82,435.8376
2025-02-17,,,75.81,,70.16,
2025-02-18,72.21,6.4,76.46,2.551,96.23,444.9006
2025-02-19,72.58,7.15,76.34,2.549,109.91,447.1344
2025-02-20,72.88,5.62,76.95,2.543,72.18,445.7651
2025-02-21,70.72,4.43,74.88,2.487,46.91,432.7104
2025-02-24,71.06,3.86,74.89,2.485,38.18,422.5364
2025-02-25,69.15,3.88,73.11,2.112,35.45,411.7395
2025-02-26,68.87,3.9,73.49,2.089,36.39,412.4931
2025-02-27,70.62,3.91,75.01,2.104,37.16,399.2436
2025-02-28,69.97,3.91,74.76,2.06,54.14,397.463
2025-03-03,68.63,3.8,72.85,2.285,40.27,380.3763
2025-03-04,68.47,4.39,72.31,2.271,44.53,381.0578
2025-03-05,66.58,4.4,70.92,2.264,49.76,391.0784
2025-03-06,66.62,4.39,71.08,2.146,54.36,384.4677
2025-03-07,67.29,4.39,72.49,2.127,49.67,393.4451
2025-03-10,66.31,4.23,71.08,2.029,41.52,380.5398
2025-03-11,66.52,4.57,71.51,2.041,43.72,380.4256
2025-03-12,67.65,4.18,72.36,2.14,48.36,381.7653
2025-03-13,66.82,3.89,70.82,2.246,47.62,375.56
2025-03-14,67.43,3.89,71.94,2.289,46.54,383.2706
2025-03-17,67.84,4.15,71.93,2.32,48.85,390.6501
2025-03-18,67.49,4.17,71.93,2.321,46.76,386.3768
2025-03-19,67.4,4.21,71.94,2.324,50.65,391.7972
2025-03-20,68.55,4.23,72.61,2.393,49.34,387.1346
2025-03-21,68.52,3.93,72.64,2.415,49.0,389.7838
2025-03-24,69.46,4.03,73.96,2.433,56.63,398.4099
2025-03-25,69.48,3.94,73.78,2.437,55.7,400.2632
2025-03-26,70.05,3.85,74.6,2.515,49.58,389.7691
2025-03-27,70.3,3.88,74.72,2.572,39.13,388.5161
2025-03-28,69.74,3.89,74.69,2.778,49.21,377.357
2025-03-31,71.87,4.11,77.23,2.886,44.6,374.8275
2025-04-01,71.61,3.96,77.78,2.904,43.88,381.5366
2025-04-02,72.12,4.04,77.27,2.8,51.15,382.2338
2025-04-03,67.43,4.21,72.54,2.605,46.23,359.9848
2025-04-04,62.42,4.04,68.36,2.516,56.93,342.147913
2025-04-07,61.05,3.97,66.13,2.528,72.1,342.147913
2025-04-08,60.04,3.85,64.86,2.467,70.16,342.147913
2025-04-09,62.63,3.42,67.3,2.54,51.39,358.6628
2025-04-10,60.57,3.7,65.37,2.267,55.21,342.147913
2025-04-11,61.91,3.44,66.83,2.306,52.31,343.956
2025-04-14,61.99,3.57,67.18,2.323,54.3,352.7531
2025-04-15,61.74,3.27,66.58,2.254,50.69,347.2961
2025-04-16,62.88,3.25,67.94,2.328,,342.147913
2025-04-17,65.07,2.94,69.33,2.393,32.76,342.147913
2025-04-18,,,,,,
2025-04-21,63.48,3.16,,2.343,52.14,342.147913
2025-04-22,64.6,3.12,68.93,2.368,42.59,342.6238
2025-04-23,62.64,3.12,68.26,2.32,48.16,344.7214
2025-04-24,63.55,2.87,67.5,2.347,49.25,359.5548
2025-04-25,63.85,2.71,66.99,2.365,46.48,367.8161
2025-04-28,63.3,2.96,66.13,2.376,48.9,371.3786
2025-04-29,61.84,3.17,64.04,2.344,49.08,370.1426
2025-04-30,59.55,3.12,63.37,2.301,,362.8218
2025-05-01,60.59,3.08,62.37,2.286,55.1,365.3738
2025-05-02,59.67,3.1,61.57,2.287,46.82,372.8716
2025-05-05,58.5,3.26,,2.321,45.58,363.4377
2025-05-06,60.42,3.08,62.37,2.491,43.89,362.8184
2025-05-07,59.42,3.18,60.31,2.45,40.41,362.9478
2025-05-08,61.25,3.23,62.22,2.574,32.78,375.2384
2025-05-09,62.37,3.22,64.26,2.67,43.42,385.8921
2025-05-12,63.32,3.19,65.28,2.645,46.24,406.1403
2025-05-13,65.04,3.27,66.93,2.676,47.01,422.1866
2025-05-14,64.48,3.31,65.91,2.598,,425.462
2025-05-15,63.03,3.2,64.36,2.566,71.3,426.3786
2025-05-16,63.84,3.01,65.2,2.388,38.94,428.6443
2025-05-19,63.98,2.96,66.25,2.434,34.53,419.852
2025-05-20,63.97,3.15,66.93,2.453,39.22,424.0867
2025-05-21,62.93,3.2,65.86,2.438,35.87,410.2675
2025-05-22,62.55,3.0,64.87,2.501,32.55,399.1615
2025-05-23,62.89,2.93,65.41,2.512,34.88,398.332
2025-05-26,,,,,30.36,
2025-05-27,61.61,3.2,64.32,2.36,39.23,405.9677
2025-05-28,62.54,3.09,65.72,2.328,,403.2488
2025-05-29,61.66,2.97,64.6,2.24,36.68,399.1255
2025-05-30,61.46,2.86,64.32,2.224,33.3,395.6714
2025-06-02,63.27,3.0,66.55,2.267,30.58,389.8808
2025-06-03,64.1,2.84,67.48,2.282,46.08,406.0604
2025-06-04,63.57,2.8,66.69,2.203,49.81,407.7877
2025-06-05,64.06,2.86,67.14,2.221,46.1,401.7869
2025-06-06,65.3,2.68,68.02,2.26,36.83,409.4479
2025-06-09,65.99,3.13,68.73,2.277,39.55,419.6352
2025-06-10,65.66,2.79,68.41,2.267,46.43,428.3782
2025-06-11,68.91,2.73,71.29,2.269,,426.9104
2025-06-12,68.73,2.9,70.84,2.265,45.89,424.9242
2025-06-13,73.84,2.65,76.0,2.385,37.43,423.3569
2025-06-16,72.53,2.9,75.05,2.36,48.95,433.6382
2025-06-17,75.62,2.9,78.7,2.431,54.94,412.0656
2025-06-18,75.89,3.43,78.38,2.393,54.2,416.9139
2025-06-19,,,80.37,,38.9,
2025-06-20,75.72,3.09,78.73,2.435,191.13189999999986,413.9582
2025-06-23,69.36,3.5,74.34,2.334,191.13189999999986,417.3088
2025-06-24,65.45,3.3,69.13,2.203,188.9,425.3734
2025-06-25,65.98,3.26,68.4,2.226,,422.9657
2025-06-26,66.44,3.23,68.57,2.24,49.24,432.3903
2025-06-27,66.66,3.23,69.37,2.225,68.79,426.5804
2025-06-30,66.3,3.26,68.15,2.215,53.57,427.918
2025-07-01,66.64,3.14,67.63,2.265,49.23,428.7993
2025-07-02,68.66,3.1,70.8,2.256,56.56,439.7147
2025-07-03,68.13,3.24,70.42,2.255,82.0,452.7015
2025-07-04,,,71.03,,,
2025-07-07,69.16,3.24,71.95,2.317,78.98,443.1712
2025-07-08,69.55,3.2,72.5,2.343,74.46,445.4104
2025-07-09,69.61,3.08,71.98,2.276,,451.8054
2025-07-10,67.78,3.11,70.38,2.24,65.65,460.7535
2025-07-11,69.63,3.22,72.06,2.21,67.63,454.0781
2025-07-14,68.19,3.21,70.96,2.185,79.14,454.6338
2025-07-15,67.76,3.31,70.27,2.172,87.68,459.6256
2025-07-16,67.13,3.42,69.67,2.178,113.6,456.63
2025-07-17,68.76,3.52,71.32,2.182,63.1,468.542
2025-07-18,68.53,3.5,71.06,2.169,57.44,477.6129
2025-07-21,68.39,3.5,71.92,2.189,48.16,476.6259
2025-07-22,67.56,3.16,69.69,2.129,56.98,488.4158
2025-07-23,66.05,3.08,69.17,2.179,,483.5431
2025-07-24,67.16,3.13,70.42,2.165,132.83,479.3231
2025-07-25,66.38,3.1,69.23,2.144,142.66,484.3055
2025-07-28,67.81,3.12,70.87,2.269,191.13189999999986,483.9723
2025-07-29,70.27,3.08,73.21,2.363,190.96,472.8301
2025-07-30,71.09,2.98,73.98,2.389,61.13,469.3929
2025-07-31,70.36,2.99,73.43,2.339,39.65,461.9713
2025-08-01,68.39,3.0,70.55,2.205,45.79,457.3364
2025-08-04,67.33,2.89,69.56,2.209,44.04,455.2521
2025-08-05,66.2,2.98,69.14,2.207,44.92,455.3545
2025-08-06,65.38,3.02,67.97,2.2,,449.049
2025-08-07,64.9,3.05,66.99,2.212,45.34,454.9924
2025-08-08,64.94,3.03,67.17,2.305,65.96,460.0415
2025-08-11,65.03,3.05,67.36,2.308,71.99,461.0561
2025-08-12,64.22,2.93,66.8,2.276,64.98,472.533
2025-08-13,63.68,2.95,66.25,2.279,65.82,482.0058
2025-08-14,64.99,2.78,68.12,2.35,66.06,475.4679
2025-08-15,63.78,2.98,67.3,2.311,75.15,484.2135
2025-08-18,64.51,2.96,68.18,2.319,42.89,494.6287
2025-08-19,63.38,2.87,66.62,2.312,44.74,485.2928
2025-08-20,64.19,2.8,67.61,2.35,,480.1417
2025-08-21,64.56,2.88,68.41,2.481,34.72,474.6452
2025-08-22,64.08,2.76,68.29,2.531,35.86,498.0916
2025-08-25,65.18,2.76,,2.521,27.42,497.7777
2025-08-26,63.6,2.82,66.89,2.656,26.94,499.3833
2025-08-27,64.49,2.88,67.75,2.638,27.32,499.9968
2025-08-28,64.96,2.9,68.61,2.649,28.57,505.08
2025-08-29,64.36,2.88,67.83,2.628,33.25,495.983
2025-09-01,,,67.09,,,
2025-09-02,65.95,2.7,68.09,2.65,33.46,486.8778
2025-09-03,64.36,3.0,67.76,2.397,,487.7952
2025-09-04,63.81,3.11,66.41,2.414,40.56,489.7912
2025-09-05,62.22,3.05,64.92,2.469,30.5,500.2673
2025-09-08,62.6,3.1,65.44,2.552,33.38,494.204
2025-09-09,62.97,3.12,67.97,2.582,36.72,487.2851
2025-09-10,64.01,2.89,67.62,2.578,44.92,493.2326
2025-09-11,62.71,2.81,67.25,2.471,42.7,502.8372
2025-09-12,63.02,2.86,67.87,2.549,58.36,502.7487
2025-09-15,63.66,3.0,67.88,2.613,45.8,511.0233
2025-09-16,64.89,3.07,69.69,2.602,44.96,518.4814
2025-09-17,64.41,3.19,69.19,2.585,,527.3328
2025-09-18,63.91,3.1,67.83,2.396,61.93,539.7282
2025-09-19,63.02,2.89,67.05,2.41,52.08,543.2674
2025-09-22,62.99,2.9,66.87,2.5,74.56,556.928
2025-09-23,63.76,2.86,67.96,2.525,63.17,547.7083
2025-09-24,65.4,2.88,69.64,2.535,68.23,548.7281
2025-09-25,65.51,2.98,70.48,2.546,70.5,547.8386
2025-09-26,66.5,2.9,71.15,2.511,83.3,548.93
2025-09-29,64.27,2.93,69.0,2.505,68.05,549.8691
2025-09-30,63.17,3.12,68.52,2.518,48.84,548.4961
2025-10-01,62.59,3.24,66.67,2.44,,564.4188
2025-10-02,61.28,3.32,65.44,2.394,55.05,563.5354
2025-10-03,61.65,3.19,66.13,2.4,96.88,566.9643
2025-10-06,62.49,3.32,67.09,2.503,78.79,576.7988
2025-10-07,62.52,3.32,67.1,2.504,54.57,563.7673
2025-10-08,63.37,3.35,67.42,2.506,51.9,571.6389
2025-10-09,62.36,3.25,67.23,2.357,45.48,573.95
2025-10-10,59.75,2.9,64.41,2.3,57.65,552.2366
2025-10-13,,2.9,64.15,,61.28,596.0107
2025-10-14,59.52,2.83,63.0,2.318,52.56,603.0584
2025-10-15,59.08,2.79,62.33,2.336,,618.3659
2025-10-16,58.29,2.82,61.08,2.318,43.56,605.5423
2025-10-17,58.3,2.65,61.23,2.214,49.63,594.9478
2025-10-20,58.34,2.99,60.71,2.09,51.58,606.5934
2025-10-21,58.66,3.28,61.0,2.143,52.83,594.7242
2025-10-22,59.3,3.45,62.28,2.175,58.78,577.0388
2025-10-23,62.44,3.34,66.32,2.194,66.0,588.7406
2025-10-24,62.27,3.21,65.8,2.188,62.43,603.5303
2025-10-27,62.13,3.3,65.52,2.268,64.83,603.6186
2025-10-28,60.97,3.44,64.03,2.268,60.75,601.0718
2025-10-29,61.26,3.36,65.01,2.428,,610.8922
2025-10-30,61.36,3.46,65.11,2.75,56.07,592.9601
2025-10-31,61.75,3.57,65.44,2.525,59.86,608.2281
2025-11-03,61.79,3.37,65.79,2.571,54.53,608.388
2025-11-04,61.38,3.35,65.04,2.573,46.37,581.4065
2025-11-05,60.4,3.51,63.54,2.772,52.88,617.0316
2025-11-06,60.24,3.71,63.41,2.811,50.77,598.1853
2025-11-07,60.54,3.76,63.72,2.794,78.18,597.7497
2025-11-10,60.94,3.8,63.01,2.49,91.08,616.3927
2025-11-11,,,63.86,,58.14,608.5566
2025-11-12,59.3,3.6,61.88,2.296,,602.3568
2025-11-13,59.54,3.6,62.14,2.258,,568.5422
2025-11-14,60.87,3.49,63.45,2.31,59.17,567.1211
2025-11-17,60.66,3.71,63.16,2.284,68.92,556.7629
2025-11-18,61.51,3.7,64.86,2.296,72.08,556.823
2025-11-19,60.27,3.94,63.78,2.235,71.44,559.9901
2025-11-20,60.07,3.97,63.64,2.125,63.71,537.3238
2025-11-21,58.86,4.13,62.78,2.087,51.54,544.0596
2025-11-24,59.11,4.15,64.83,2.081,46.83,558.2967
2025-11-25,58.25,4.12,63.99,2.034,38.71,566.9599
2025-11-26,58.81,4.59,64.81,2.074,,581.0687
2025-11-27,,,64.18,,,
2025-11-28,58.58,,64.07,1.961,72.25,593.3189
2025-12-01,59.47,5.08,64.22,1.931,80.39,578.0681
2025-12-02,58.81,4.83,63.37,1.89,74.76,583.1749
2025-12-03,59.09,4.86,63.75,1.829,75.32,591.7704
2025-12-04,59.82,4.89,64.15,1.832,92.31,605.3099
2025-12-05,60.23,5.19,64.42,1.836,104.95,605.6688
2025-12-08,59.04,5.19,63.3,1.797,125.49,599.9896
2025-12-09,58.4,4.76,62.62,1.776,80.99,598.6371
2025-12-10,58.67,4.62,63.12,1.733,,601.2914
2025-12-11,57.76,4.35,61.87,1.721,88.32,609.2253
2025-12-12,57.61,4.07,62.11,1.753,170.08,593.0122
2025-12-15,56.97,3.9,61.55,1.726,99.81,586.9177
2025-12-16,55.44,3.58,59.93,1.682,62.47,583.735
2025-12-17,56.07,3.66,60.61,1.672,54.97,567.2012
2025-12-18,56.22,3.87,60.69,1.699,51.82,587.4309
2025-12-19,56.8,3.58,61.35,1.762,63.52,605.2191
2025-12-22,58.18,3.67,62.22,1.813,46.98,616.7199
2025-12-23,58.55,3.38,63.7,1.829,34.42,608.2402
2025-12-24,58.72,3.31,63.7,1.795,,610.3353
2025-12-25,,,,,,
2025-12-26,56.6,,,1.78,50.63,606.5784
2025-12-29,57.89,4.35,63.1,1.791,62.89,596.2884
2025-12-30,57.79,4.4,62.3,1.807,56.21,586.9925
2025-12-31,57.26,4.0,61.35,2.0,62.91,582.7751
