label_q,label_col,model,split,train_n,validation_n,test_n,train_positive_rate,validation_positive_rate,test_positive_rate,selected_threshold,threshold_selection_rule,notes,roc_auc,average_precision,f1,precision,recall,balanced_accuracy
75,high_dsv20_state_75,majority_class,validation,1454,303,303,0.3466299862448418,0.44884488448844884,0.5577557755775577,,not_applicable,baseline,0.5,0.44884488448844884,0.0,0.0,0.0,0.5
75,high_dsv20_state_75,majority_class,test,1454,303,303,0.3466299862448418,0.44884488448844884,0.5577557755775577,,not_applicable,baseline,0.5,0.5577557755775577,0.0,0.0,0.0,0.5
75,high_dsv20_state_75,logistic_regression_default_0_5,validation,1454,303,303,0.3466299862448418,0.44884488448844884,0.5577557755775577,0.5,fixed_0_5,baseline,0.4129094751673124,0.3958075642077672,0.028985507246376812,1.0,0.014705882352941176,0.5073529411764706
75,high_dsv20_state_75,logistic_regression_default_0_5,test,1454,303,303,0.3466299862448418,0.44884488448844884,0.5577557755775577,0.5,fixed_0_5,baseline,0.565221231122494,0.5908836975669725,0.30973451327433627,0.6140350877192983,0.20710059171597633,0.5214607436191822
75,high_dsv20_state_75,logistic_regression_balanced_tuned,validation,1454,303,303,0.3466299862448418,0.44884488448844884,0.5577557755775577,0.266343,selected_from_multi_objective_candidates,baseline,0.4298608665022895,0.4009361676614728,0.6470588235294118,0.4852941176470588,0.9705882352941176,0.5661324410003522
75,high_dsv20_state_75,logistic_regression_balanced_tuned,test,1454,303,303,0.3466299862448418,0.44884488448844884,0.5577557755775577,0.266343,selected_from_multi_objective_candidates,baseline,0.5743177603108717,0.5984473093901623,0.721030042918455,0.5656565656565656,0.9940828402366864,0.5156981365362536
75,high_dsv20_state_75,random_forest,validation,1454,303,303,0.3466299862448418,0.44884488448844884,0.5577557755775577,0.0,selected_from_multi_objective_candidates,,0.5787249031349067,0.6227327202614177,0.6195899772209568,0.44884488448844884,1.0,0.5
75,high_dsv20_state_75,random_forest,test,1454,303,303,0.3466299862448418,0.44884488448844884,0.5577557755775577,0.0,selected_from_multi_objective_candidates,,0.6627218934911242,0.6970945850842755,0.7161016949152542,0.5577557755775577,1.0,0.5
75,high_dsv20_state_75,extra_trees,validation,1454,303,303,0.3466299862448418,0.44884488448844884,0.5577557755775577,0.0,selected_from_multi_objective_candidates,,0.5655600563578725,0.6352881701510158,0.6195899772209568,0.44884488448844884,1.0,0.5
75,high_dsv20_state_75,extra_trees,test,1454,303,303,0.3466299862448418,0.44884488448844884,0.5577557755775577,0.0,selected_from_multi_objective_candidates,,0.6180782478141834,0.6507285383767318,0.7161016949152542,0.5577557755775577,1.0,0.5
75,high_dsv20_state_75,gradient_boosting,validation,1454,303,303,0.3466299862448418,0.44884488448844884,0.5577557755775577,0.0,selected_from_multi_objective_candidates,,0.47118263473053895,0.5588446083644343,0.6195899772209568,0.44884488448844884,1.0,0.5
75,high_dsv20_state_75,gradient_boosting,test,1454,303,303,0.3466299862448418,0.44884488448844884,0.5577557755775577,0.0,selected_from_multi_objective_candidates,,0.603726927492714,0.6259496925446064,0.7161016949152542,0.5577557755775577,1.0,0.5
75,high_dsv20_state_75,hist_gradient_boosting,validation,1454,303,303,0.3466299862448418,0.44884488448844884,0.5577557755775577,0.0,selected_from_multi_objective_candidates,,0.5224550898203593,0.6257363273295923,0.6195899772209568,0.44884488448844884,1.0,0.5
75,high_dsv20_state_75,hist_gradient_boosting,test,1454,303,303,0.3466299862448418,0.44884488448844884,0.5577557755775577,0.0,selected_from_multi_objective_candidates,,0.5654861785745827,0.5674440522884641,0.7161016949152542,0.5577557755775577,1.0,0.5
75,high_dsv20_state_75,svc_rbf,validation,1454,303,303,0.3466299862448418,0.44884488448844884,0.5577557755775577,0.0,selected_from_multi_objective_candidates,,0.5102148643888693,0.5224691539739921,0.6195899772209568,0.44884488448844884,1.0,0.5
75,high_dsv20_state_75,svc_rbf,test,1454,303,303,0.3466299862448418,0.44884488448844884,0.5577557755775577,0.0,selected_from_multi_objective_candidates,,0.5722864965115251,0.6483356442865091,0.7161016949152542,0.5577557755775577,1.0,0.5
75,high_dsv20_state_75,linear_svc_calibrated,validation,1454,303,303,0.3466299862448418,0.44884488448844884,0.5577557755775577,0.0,selected_from_multi_objective_candidates,,0.4128214159915463,0.3811043386768299,0.6195899772209568,0.44884488448844884,1.0,0.5
75,high_dsv20_state_75,linear_svc_calibrated,test,1454,303,303,0.3466299862448418,0.44884488448844884,0.5577557755775577,0.0,selected_from_multi_objective_candidates,,0.6378168329947894,0.6426222177300495,0.7161016949152542,0.5577557755775577,1.0,0.5
75,high_dsv20_state_75,knn_classifier,validation,1454,303,303,0.3466299862448418,0.44884488448844884,0.5577557755775577,0.0,selected_from_multi_objective_candidates,,0.5449982388164847,0.5581372683852902,0.6195899772209568,0.44884488448844884,1.0,0.5
75,high_dsv20_state_75,knn_classifier,test,1454,303,303,0.3466299862448418,0.44884488448844884,0.5577557755775577,0.0,selected_from_multi_objective_candidates,,0.5749359710324119,0.5873966804638643,0.7161016949152542,0.5577557755775577,1.0,0.5
75,high_dsv20_state_75,gaussian_nb,validation,1454,303,303,0.3466299862448418,0.44884488448844884,0.5577557755775577,0.0,selected_from_multi_objective_candidates,,0.4215392743923917,0.4514902564822973,0.6195899772209568,0.44884488448844884,1.0,0.5
75,high_dsv20_state_75,gaussian_nb,test,1454,303,303,0.3466299862448418,0.44884488448844884,0.5577557755775577,0.0,selected_from_multi_objective_candidates,,0.4873266802084253,0.5568760887896508,0.7161016949152542,0.5577557755775577,1.0,0.5
80,high_dsv20_state_80,majority_class,validation,1454,303,303,0.29160935350756534,0.39603960396039606,0.4752475247524752,,not_applicable,baseline,0.5,0.39603960396039606,0.0,0.0,0.0,0.5
80,high_dsv20_state_80,majority_class,test,1454,303,303,0.29160935350756534,0.39603960396039606,0.4752475247524752,,not_applicable,baseline,0.5,0.4752475247524752,0.0,0.0,0.0,0.5
80,high_dsv20_state_80,logistic_regression_default_0_5,validation,1454,303,303,0.29160935350756534,0.39603960396039606,0.4752475247524752,0.5,fixed_0_5,baseline,0.46985428051001826,0.3626537754608129,0.0,0.0,0.0,0.5
80,high_dsv20_state_80,logistic_regression_default_0_5,test,1454,303,303,0.29160935350756534,0.39603960396039606,0.4752475247524752,0.5,fixed_0_5,baseline,0.5170772187281621,0.45837835920356984,0.15384615384615385,0.3684210526315789,0.09722222222222222,0.4731394129979036
80,high_dsv20_state_80,logistic_regression_balanced_tuned,validation,1454,303,303,0.29160935350756534,0.39603960396039606,0.4752475247524752,0.306895,selected_from_multi_objective_candidates,baseline,0.4622495446265938,0.3683500281615685,0.6145552560646901,0.4541832669322709,0.95,0.6006830601092896
80,high_dsv20_state_80,logistic_regression_balanced_tuned,test,1454,303,303,0.29160935350756534,0.39603960396039606,0.4752475247524752,0.306895,selected_from_multi_objective_candidates,baseline,0.5297431865828092,0.4689032148200371,0.676056338028169,0.5106382978723404,1.0,0.5660377358490566
80,high_dsv20_state_80,random_forest,validation,1454,303,303,0.29160935350756534,0.39603960396039606,0.4752475247524752,0.296666,selected_from_multi_objective_candidates,,0.6440346083788706,0.6275859697365272,0.6048387096774194,0.5859375,0.625,0.667691256830601
80,high_dsv20_state_80,random_forest,test,1454,303,303,0.29160935350756534,0.39603960396039606,0.4752475247524752,0.296666,selected_from_multi_objective_candidates,,0.662168064290706,0.6207533100820667,0.6222222222222222,0.5730994152046783,0.6805555555555556,0.6107180293501049
80,high_dsv20_state_80,extra_trees,validation,1454,303,303,0.29160935350756534,0.39603960396039606,0.4752475247524752,0.0,selected_from_multi_objective_candidates,,0.6168488160291439,0.6287011040019688,0.5673758865248227,0.39603960396039606,1.0,0.5
80,high_dsv20_state_80,extra_trees,test,1454,303,303,0.29160935350756534,0.39603960396039606,0.4752475247524752,0.0,selected_from_multi_objective_candidates,,0.6145178197064989,0.5573980215656598,0.6442953020134228,0.4752475247524752,1.0,0.5
80,high_dsv20_state_80,gradient_boosting,validation,1454,303,303,0.29160935350756534,0.39603960396039606,0.4752475247524752,0.301128,selected_from_multi_objective_candidates,,0.6861338797814208,0.6457230082577999,0.6302521008403361,0.635593220338983,0.625,0.6950136612021858
80,high_dsv20_state_80,gradient_boosting,test,1454,303,303,0.29160935350756534,0.39603960396039606,0.4752475247524752,0.301128,selected_from_multi_objective_candidates,,0.6180118798043326,0.5901646121981741,0.5827814569536424,0.5569620253164557,0.6111111111111112,0.5854297693920336
80,high_dsv20_state_80,hist_gradient_boosting,validation,1454,303,303,0.29160935350756534,0.39603960396039606,0.4752475247524752,0.0,selected_from_multi_objective_candidates,,0.562568306010929,0.562344031390736,0.5673758865248227,0.39603960396039606,1.0,0.5
80,high_dsv20_state_80,hist_gradient_boosting,test,1454,303,303,0.29160935350756534,0.39603960396039606,0.4752475247524752,0.0,selected_from_multi_objective_candidates,,0.6071802935010482,0.5406358658057351,0.6442953020134228,0.4752475247524752,1.0,0.5
80,high_dsv20_state_80,svc_rbf,validation,1454,303,303,0.29160935350756534,0.39603960396039606,0.4752475247524752,0.123345,selected_from_multi_objective_candidates,,0.584927140255009,0.4880539696015281,0.6086956521739131,0.4666666666666667,0.875,0.6096311475409836
80,high_dsv20_state_80,svc_rbf,test,1454,303,303,0.29160935350756534,0.39603960396039606,0.4752475247524752,0.123345,selected_from_multi_objective_candidates,,0.5416229909154437,0.5794398258429724,0.5989583333333334,0.4791666666666667,0.7986111111111112,0.5062237945492662
80,high_dsv20_state_80,linear_svc_calibrated,validation,1454,303,303,0.29160935350756534,0.39603960396039606,0.4752475247524752,0.248746,selected_from_multi_objective_candidates,,0.470264116575592,0.34691141467610465,0.6055555555555555,0.45416666666666666,0.9083333333333333,0.5962431693989071
80,high_dsv20_state_80,linear_svc_calibrated,test,1454,303,303,0.29160935350756534,0.39603960396039606,0.4752475247524752,0.248746,selected_from_multi_objective_candidates,,0.5690950384346611,0.4996298599933882,0.6824644549763034,0.5179856115107914,1.0,0.5786163522012578
80,high_dsv20_state_80,knn_classifier,validation,1454,303,303,0.29160935350756534,0.39603960396039606,0.4752475247524752,0.0,selected_from_multi_objective_candidates,,0.5624772313296903,0.5680929819523417,0.5673758865248227,0.39603960396039606,1.0,0.5
80,high_dsv20_state_80,knn_classifier,test,1454,303,303,0.29160935350756534,0.39603960396039606,0.4752475247524752,0.0,selected_from_multi_objective_candidates,,0.5450733752620545,0.4818067360768429,0.6442953020134228,0.4752475247524752,1.0,0.5
80,high_dsv20_state_80,gaussian_nb,validation,1454,303,303,0.29160935350756534,0.39603960396039606,0.4752475247524752,0.059382,selected_from_multi_objective_candidates,,0.4063296903460838,0.3751824727137276,0.5790754257907542,0.40893470790378006,0.9916666666666667,0.5258879781420766
80,high_dsv20_state_80,gaussian_nb,test,1454,303,303,0.29160935350756534,0.39603960396039606,0.4752475247524752,0.059382,selected_from_multi_objective_candidates,,0.4143081761006289,0.4208734858788055,0.6792452830188679,0.5142857142857142,1.0,0.5723270440251572
85,high_dsv20_state_85,majority_class,validation,1454,303,303,0.22764786795048142,0.3333333333333333,0.39933993399339934,,not_applicable,baseline,0.5,0.3333333333333333,0.0,0.0,0.0,0.5
85,high_dsv20_state_85,majority_class,test,1454,303,303,0.22764786795048142,0.3333333333333333,0.39933993399339934,,not_applicable,baseline,0.5,0.39933993399339934,0.0,0.0,0.0,0.5
85,high_dsv20_state_85,logistic_regression_default_0_5,validation,1454,303,303,0.22764786795048142,0.3333333333333333,0.39933993399339934,0.5,fixed_0_5,baseline,0.6124399568669738,0.39734313101632945,0.0,0.0,0.0,0.5
85,high_dsv20_state_85,logistic_regression_default_0_5,test,1454,303,303,0.22764786795048142,0.3333333333333333,0.39933993399339934,0.5,fixed_0_5,baseline,0.5340114431023523,0.3989113033649653,0.015037593984962405,0.08333333333333333,0.008264462809917356,0.47391245118517844
85,high_dsv20_state_85,logistic_regression_balanced_tuned,validation,1454,303,303,0.22764786795048142,0.3333333333333333,0.39933993399339934,0.375265,selected_from_multi_objective_candidates,baseline,0.5910695029899029,0.38247484736362036,0.5657142857142857,0.39759036144578314,0.9801980198019802,0.6188118811881188
85,high_dsv20_state_85,logistic_regression_balanced_tuned,test,1454,303,303,0.22764786795048142,0.3333333333333333,0.39933993399339934,0.375265,selected_from_multi_objective_candidates,baseline,0.5387339932794478,0.39945821907687995,0.592964824120603,0.4259927797833935,0.9752066115702479,0.5507901189719371
85,high_dsv20_state_85,random_forest,validation,1454,303,303,0.22764786795048142,0.3333333333333333,0.39933993399339934,0.085028,selected_from_multi_objective_candidates,,0.6934124105479855,0.6110743332488284,0.5585585585585585,0.40086206896551724,0.9207920792079208,0.6163366336633663
85,high_dsv20_state_85,random_forest,test,1454,303,303,0.22764786795048142,0.3333333333333333,0.39933993399339934,0.085028,selected_from_multi_objective_candidates,,0.6881754609027336,0.6281053965691482,0.6186666666666667,0.4566929133858268,0.9586776859504132,0.6002179638543275
85,high_dsv20_state_85,extra_trees,validation,1454,303,303,0.22764786795048142,0.3333333333333333,0.39933993399339934,0.346364,selected_from_multi_objective_candidates,,0.7001274384864229,0.6235083673234776,0.5668449197860963,0.6162790697674418,0.5247524752475248,0.6806930693069306
85,high_dsv20_state_85,extra_trees,test,1454,303,303,0.22764786795048142,0.3333333333333333,0.39933993399339934,0.346364,selected_from_multi_objective_candidates,,0.6367269094541822,0.5990478401610283,0.5232067510548524,0.5344827586206896,0.512396694214876,0.6078466987557897
85,high_dsv20_state_85,gradient_boosting,validation,1454,303,303,0.22764786795048142,0.3333333333333333,0.39933993399339934,0.155695,selected_from_multi_objective_candidates,,0.7733065385746495,0.6890875317665404,0.6173913043478261,0.5503875968992248,0.7029702970297029,0.7079207920792079
85,high_dsv20_state_85,gradient_boosting,test,1454,303,303,0.22764786795048142,0.3333333333333333,0.39933993399339934,0.155695,selected_from_multi_objective_candidates,,0.6110253382980656,0.5078387980974042,0.5365853658536586,0.463855421686747,0.6363636363636364,0.5736763236763236
85,high_dsv20_state_85,hist_gradient_boosting,validation,1454,303,303,0.22764786795048142,0.3333333333333333,0.39933993399339934,0.000152,selected_from_multi_objective_candidates,,0.6955690618566808,0.6062579598618598,0.5769230769230769,0.4716981132075472,0.7425742574257426,0.6633663366336633
85,high_dsv20_state_85,hist_gradient_boosting,test,1454,303,303,0.22764786795048142,0.3333333333333333,0.39933993399339934,0.000152,selected_from_multi_objective_candidates,,0.6295976750522205,0.5831297106255039,0.5460122699386503,0.43414634146341463,0.7355371900826446,0.5490872763600037
85,high_dsv20_state_85,svc_rbf,validation,1454,303,303,0.22764786795048142,0.3333333333333333,0.39933993399339934,0.284848,selected_from_multi_objective_candidates,,0.7326487599254975,0.5500285463694574,0.610909090909091,0.4827586206896552,0.8316831683168316,0.693069306930693
85,high_dsv20_state_85,svc_rbf,test,1454,303,303,0.22764786795048142,0.3333333333333333,0.39933993399339934,0.284848,selected_from_multi_objective_candidates,,0.5389156298247206,0.472761797173562,0.43601895734597157,0.5111111111111111,0.38016528925619836,0.5692035237489783
85,high_dsv20_state_85,linear_svc_calibrated,validation,1454,303,303,0.22764786795048142,0.3333333333333333,0.39933993399339934,0.206858,selected_from_multi_objective_candidates,,0.5110283305558279,0.3113076617605452,0.5359116022099447,0.3716475095785441,0.9603960396039604,0.5742574257425742
85,high_dsv20_state_85,linear_svc_calibrated,test,1454,303,303,0.22764786795048142,0.3333333333333333,0.39933993399339934,0.206858,selected_from_multi_objective_candidates,,0.5106711470347833,0.38820671727633693,0.6019900497512438,0.4306049822064057,1.0,0.5604395604395604
85,high_dsv20_state_85,knn_classifier,validation,1454,303,303,0.22764786795048142,0.3333333333333333,0.39933993399339934,0.231822,selected_from_multi_objective_candidates,,0.6137633565336731,0.48022956634289965,0.5167464114832536,0.5,0.5346534653465347,0.6336633663366337
85,high_dsv20_state_85,knn_classifier,test,1454,303,303,0.22764786795048142,0.3333333333333333,0.39933993399339934,0.231822,selected_from_multi_objective_candidates,,0.5248387975660703,0.4624825578401058,0.42585551330798477,0.39436619718309857,0.4628099173553719,0.4951412224139497
85,high_dsv20_state_85,gaussian_nb,validation,1454,303,303,0.22764786795048142,0.3333333333333333,0.39933993399339934,0.063308,selected_from_multi_objective_candidates,,0.5442603666307225,0.38040197088260186,0.5212765957446809,0.3563636363636364,0.9702970297029703,0.5470297029702971
85,high_dsv20_state_85,gaussian_nb,test,1454,303,303,0.22764786795048142,0.3333333333333333,0.39933993399339934,0.063308,selected_from_multi_objective_candidates,,0.5583961493052402,0.435335899218502,0.5975308641975309,0.426056338028169,1.0,0.5521978021978022
