observation_date,NASDAQCELS
2016-01-04,209.17
2016-01-05,209.52
2016-01-06,204.75
2016-01-07,194.01
2016-01-08,192.97
2016-01-11,191.71
2016-01-12,190.16
2016-01-13,183.65
2016-01-14,184.79
2016-01-15,179.21
2016-01-18,
2016-01-19,176.15
2016-01-20,178.11
2016-01-21,179.95
2016-01-22,185.79
2016-01-25,181.09
2016-01-26,185.26
2016-01-27,182.55
2016-01-28,183.82
2016-01-29,189.80
2016-02-01,189.42
2016-02-02,182.65
2016-02-03,183.44
2016-02-04,185.69
2016-02-05,180.79
2016-02-08,175.43
2016-02-09,174.05
2016-02-10,169.39
2016-02-11,165.73
2016-02-12,168.01
2016-02-15,
2016-02-16,174.65
2016-02-17,179.76
2016-02-18,178.57
2016-02-19,177.16
2016-02-22,180.97
2016-02-23,177.28
2016-02-24,181.70
2016-02-25,185.33
2016-02-26,185.21
2016-02-29,187.04
2016-03-01,186.81
2016-03-02,189.71
2016-03-03,190.65
2016-03-04,191.32
2016-03-07,192.90
2016-03-08,189.43
2016-03-09,192.52
2016-03-10,191.89
2016-03-11,195.37
2016-03-14,195.24
2016-03-15,194.53
2016-03-16,196.08
2016-03-17,198.79
2016-03-18,199.33
2016-03-21,199.14
2016-03-22,197.34
2016-03-23,190.87
2016-03-24,192.01
2016-03-25,
2016-03-28,191.57
2016-03-29,194.57
2016-03-30,194.59
2016-03-31,194.78
2016-04-01,195.67
2016-04-04,193.73
2016-04-05,193.59
2016-04-06,197.35
2016-04-07,193.66
2016-04-08,194.09
2016-04-11,193.89
2016-04-12,194.78
2016-04-13,199.23
2016-04-14,198.86
2016-04-15,198.11
2016-04-18,200.13
2016-04-19,199.10
2016-04-20,201.72
2016-04-21,202.45
2016-04-22,203.92
2016-04-25,200.57
2016-04-26,204.44
2016-04-27,205.82
2016-04-28,200.52
2016-04-29,196.23
2016-05-02,196.42
2016-05-03,191.14
2016-05-04,187.54
2016-05-05,185.05
2016-05-06,185.68
2016-05-09,184.12
2016-05-10,183.32
2016-05-11,183.28
2016-05-12,180.36
2016-05-13,180.28
2016-05-16,182.36
2016-05-17,180.27
2016-05-18,181.67
2016-05-19,181.22
2016-05-20,185.66
2016-05-23,187.40
2016-05-24,191.11
2016-05-25,192.04
2016-05-26,192.01
2016-05-27,192.21
2016-05-30,
2016-05-31,193.08
2016-06-01,192.87
2016-06-02,193.01
2016-06-03,191.70
2016-06-06,194.52
2016-06-07,196.49
2016-06-08,197.16
2016-06-09,195.35
2016-06-10,189.51
2016-06-13,188.00
2016-06-14,187.56
2016-06-15,188.02
2016-06-16,187.50
2016-06-17,186.56
2016-06-20,189.75
2016-06-21,189.31
2016-06-22,187.06
2016-06-23,189.94
2016-06-24,181.38
2016-06-27,175.00
2016-06-28,180.78
2016-06-29,185.10
2016-06-30,188.91
2016-07-01,189.50
2016-07-04,
2016-07-05,186.14
2016-07-06,187.68
2016-07-07,187.09
2016-07-08,191.57
2016-07-11,194.20
2016-07-12,195.44
2016-07-13,193.82
2016-07-14,195.57
2016-07-15,195.49
2016-07-18,197.52
2016-07-19,196.64
2016-07-20,199.16
2016-07-21,197.79
2016-07-22,198.20
2016-07-25,199.08
2016-07-26,205.30
2016-07-27,204.20
2016-07-28,203.10
2016-07-29,203.23
2016-08-01,203.16
2016-08-02,200.54
2016-08-03,202.31
2016-08-04,200.41
2016-08-05,202.66
2016-08-08,202.86
2016-08-09,202.44
2016-08-10,197.99
2016-08-11,198.85
2016-08-12,199.14
2016-08-15,200.56
2016-08-16,198.20
2016-08-17,196.33
2016-08-18,198.31
2016-08-19,198.80
2016-08-22,198.02
2016-08-23,199.22
2016-08-24,197.29
2016-08-25,197.36
2016-08-26,197.46
2016-08-29,197.37
2016-08-30,197.35
2016-08-31,196.03
2016-09-01,196.08
2016-09-02,197.23
2016-09-05,
2016-09-06,198.08
2016-09-07,198.03
2016-09-08,197.89
2016-09-09,191.65
2016-09-12,194.02
2016-09-13,190.22
2016-09-14,188.51
2016-09-15,191.05
2016-09-16,191.03
2016-09-19,193.13
2016-09-20,191.90
2016-09-21,194.42
2016-09-22,197.74
2016-09-23,196.44
2016-09-26,194.52
2016-09-27,196.83
2016-09-28,198.29
2016-09-29,196.43
2016-09-30,198.85
2016-10-03,198.47
2016-10-04,196.20
2016-10-05,198.32
2016-10-06,198.34
2016-10-07,194.88
2016-10-10,196.22
2016-10-11,192.53
2016-10-12,191.88
2016-10-13,190.93
2016-10-14,191.06
2016-10-17,190.09
2016-10-18,192.33
2016-10-19,193.27
2016-10-20,193.50
2016-10-21,193.49
2016-10-24,194.70
2016-10-25,193.05
2016-10-26,192.85
2016-10-27,191.71
2016-10-28,190.45
2016-10-31,191.01
2016-11-01,188.82
2016-11-02,186.63
2016-11-03,187.69
2016-11-04,187.93
2016-11-07,191.01
2016-11-08,191.53
2016-11-09,189.97
2016-11-10,189.55
2016-11-11,193.93
2016-11-14,195.70
2016-11-15,197.36
2016-11-16,197.24
2016-11-17,197.15
2016-11-18,196.52
2016-11-21,197.47
2016-11-22,200.56
2016-11-23,203.03
2016-11-24,
2016-11-25,204.49
2016-11-28,203.13
2016-11-29,200.54
2016-11-30,199.55
2016-12-01,194.72
2016-12-02,195.13
2016-12-05,199.06
2016-12-06,199.87
2016-12-07,204.32
2016-12-08,204.96
2016-12-09,205.63
2016-12-12,203.54
2016-12-13,205.13
2016-12-14,202.86
2016-12-15,205.17
2016-12-16,205.27
2016-12-19,207.43
2016-12-20,207.63
2016-12-21,205.78
2016-12-22,205.20
2016-12-23,206.53
2016-12-26,
2016-12-27,209.56
2016-12-28,205.59
2016-12-29,205.24
2016-12-30,203.32
2017-01-02,
2017-01-03,205.49
2017-01-04,209.55
2017-01-05,207.74
2017-01-06,208.09
2017-01-09,205.92
2017-01-10,208.07
2017-01-11,208.73
2017-01-12,207.22
2017-01-13,209.51
2017-01-16,
2017-01-17,207.41
2017-01-18,207.91
2017-01-19,207.05
2017-01-20,208.94
2017-01-23,208.21
2017-01-24,210.08
2017-01-25,212.56
2017-01-26,211.49
2017-01-27,210.06
2017-01-30,207.71
2017-01-31,208.34
2017-02-01,209.35
2017-02-02,208.25
2017-02-03,210.77
2017-02-06,210.40
2017-02-07,210.00
2017-02-08,210.74
2017-02-09,211.46
2017-02-10,213.27
2017-02-13,216.28
2017-02-14,217.14
2017-02-15,219.53
2017-02-16,218.31
2017-02-17,220.19
2017-02-20,
2017-02-21,223.73
2017-02-22,221.09
2017-02-23,220.03
2017-02-24,221.98
2017-02-27,223.07
2017-02-28,219.00
2017-03-01,220.03
2017-03-02,218.50
2017-03-03,217.43
2017-03-06,215.46
2017-03-07,215.18
2017-03-08,214.42
2017-03-09,213.88
2017-03-10,214.73
2017-03-13,216.04
2017-03-14,215.49
2017-03-15,218.61
2017-03-16,220.06
2017-03-17,220.19
2017-03-20,218.90
2017-03-21,212.84
2017-03-22,213.85
2017-03-23,213.93
2017-03-24,215.25
2017-03-27,215.91
2017-03-28,218.04
2017-03-29,218.58
2017-03-30,219.64
2017-03-31,219.79
2017-04-03,219.21
2017-04-04,216.55
2017-04-05,213.98
2017-04-06,216.15
2017-04-07,216.38
2017-04-10,219.02
2017-04-11,218.55
2017-04-12,214.96
2017-04-13,213.34
2017-04-14,
2017-04-17,215.46
2017-04-18,215.58
2017-04-19,216.19
2017-04-20,218.05
2017-04-21,216.96
2017-04-24,221.00
2017-04-25,222.65
2017-04-26,221.85
2017-04-27,223.41
2017-04-28,220.75
2017-05-01,221.60
2017-05-02,221.31
2017-05-03,220.04
2017-05-04,218.85
2017-05-05,224.29
2017-05-08,224.65
2017-05-09,227.10
2017-05-10,228.37
2017-05-11,227.67
2017-05-12,225.41
2017-05-15,227.71
2017-05-16,227.72
2017-05-17,219.85
2017-05-18,221.88
2017-05-19,223.80
2017-05-22,225.93
2017-05-23,225.14
2017-05-24,227.68
2017-05-25,228.40
2017-05-26,228.21
2017-05-29,
2017-05-30,229.13
2017-05-31,228.98
2017-06-01,231.40
2017-06-02,232.44
2017-06-05,232.16
2017-06-06,233.91
2017-06-07,234.97
2017-06-08,240.41
2017-06-09,236.02
2017-06-12,234.43
2017-06-13,237.08
2017-06-14,235.14
2017-06-15,232.47
2017-06-16,232.32
2017-06-19,234.53
2017-06-20,232.29
2017-06-21,233.21
2017-06-22,236.51
2017-06-23,239.40
2017-06-26,239.77
2017-06-27,235.86
2017-06-28,239.23
2017-06-29,237.13
2017-06-30,236.89
2017-07-03,235.96
2017-07-04,
2017-07-05,233.98
2017-07-06,231.48
2017-07-07,234.35
2017-07-10,235.14
2017-07-11,236.29
2017-07-12,241.38
2017-07-13,241.22
2017-07-14,244.23
2017-07-17,243.57
2017-07-18,246.82
2017-07-19,250.68
2017-07-20,251.25
2017-07-21,249.95
2017-07-24,251.16
2017-07-25,250.58
2017-07-26,250.94
2017-07-27,248.53
2017-07-28,249.96
2017-07-31,248.49
2017-08-01,249.12
2017-08-02,245.61
2017-08-03,245.83
2017-08-04,246.14
2017-08-07,248.72
2017-08-08,247.22
2017-08-09,245.61
2017-08-10,239.21
2017-08-11,240.83
2017-08-14,244.63
2017-08-15,243.93
2017-08-16,243.83
2017-08-17,238.04
2017-08-18,237.78
2017-08-21,234.92
2017-08-22,237.66
2017-08-23,238.19
2017-08-24,239.78
2017-08-25,238.57
2017-08-28,238.87
2017-08-29,239.36
2017-08-30,243.83
2017-08-31,245.88
2017-09-01,247.34
2017-09-04,
2017-09-05,245.77
2017-09-06,245.53
2017-09-07,246.02
2017-09-08,244.49
2017-09-11,248.48
2017-09-12,249.02
2017-09-13,249.44
2017-09-14,250.51
2017-09-15,251.61
2017-09-18,253.87
2017-09-19,252.84
2017-09-20,251.36
2017-09-21,249.12
2017-09-22,250.10
2017-09-25,246.24
2017-09-26,246.23
2017-09-27,250.61
2017-09-28,251.50
2017-09-29,252.12
2017-10-02,253.97
2017-10-03,255.49
2017-10-04,256.88
2017-10-05,256.62
2017-10-06,257.12
2017-10-09,255.88
2017-10-10,257.33
2017-10-11,256.37
2017-10-12,257.69
2017-10-13,258.61
2017-10-16,258.78
2017-10-17,258.85
2017-10-18,261.44
2017-10-19,260.39
2017-10-20,261.35
2017-10-23,260.61
2017-10-24,261.62
2017-10-25,257.21
2017-10-26,258.03
2017-10-27,263.01
2017-10-30,264.64
2017-10-31,267.16
2017-11-01,264.86
2017-11-02,262.97
2017-11-03,266.98
2017-11-06,271.02
2017-11-07,269.23
2017-11-08,269.11
2017-11-09,267.47
2017-11-10,267.99
2017-11-13,268.43
2017-11-14,267.73
2017-11-15,264.98
2017-11-16,268.55
2017-11-17,268.38
2017-11-20,270.00
2017-11-21,272.39
2017-11-22,270.87
2017-11-23,
2017-11-24,272.10
2017-11-27,270.09
2017-11-28,272.58
2017-11-29,264.22
2017-11-30,266.37
2017-12-01,263.19
2017-12-04,256.69
2017-12-05,257.25
2017-12-06,257.29
2017-12-07,261.31
2017-12-08,262.54
2017-12-11,263.64
2017-12-12,263.89
2017-12-13,263.82
2017-12-14,264.16
2017-12-15,267.97
2017-12-18,272.59
2017-12-19,269.45
2017-12-20,269.58
2017-12-21,269.57
2017-12-22,268.02
2017-12-25,
2017-12-26,266.37
2017-12-27,267.96
2017-12-28,268.30
2017-12-29,265.91
2018-01-01,
2018-01-02,271.50
2018-01-03,273.06
2018-01-04,273.03
2018-01-05,274.78
2018-01-08,279.40
2018-01-09,273.67
2018-01-10,271.45
2018-01-11,278.48
2018-01-12,278.02
2018-01-15,
2018-01-16,276.36
2018-01-17,280.47
2018-01-18,280.12
2018-01-19,282.27
2018-01-22,282.27
2018-01-23,281.05
2018-01-24,277.94
2018-01-25,274.50
2018-01-26,278.44
2018-01-29,277.37
2018-01-30,272.71
2018-01-31,271.65
2018-02-01,269.92
2018-02-02,263.76
2018-02-05,253.02
2018-02-06,255.47
2018-02-07,253.21
2018-02-08,244.90
2018-02-09,247.14
2018-02-12,250.96
2018-02-13,253.08
2018-02-14,258.30
2018-02-15,263.89
2018-02-16,262.97
2018-02-19,
2018-02-20,264.69
2018-02-21,263.22
2018-02-22,262.54
2018-02-23,261.43
2018-02-26,265.51
2018-02-27,262.91
2018-02-28,259.75
2018-03-01,256.89
2018-03-02,259.86
2018-03-05,260.93
2018-03-06,264.99
2018-03-07,265.12
2018-03-08,266.03
2018-03-09,269.81
2018-03-12,272.31
2018-03-13,269.59
2018-03-14,267.55
2018-03-15,267.00
2018-03-16,268.27
2018-03-19,265.26
2018-03-20,267.29
2018-03-21,269.39
2018-03-22,262.14
2018-03-23,257.17
2018-03-26,263.61
2018-03-27,256.85
2018-03-28,250.54
2018-03-29,255.39
2018-03-30,
2018-04-02,248.66
2018-04-03,252.21
2018-04-04,255.55
2018-04-05,259.64
2018-04-06,253.42
2018-04-09,253.51
2018-04-10,258.26
2018-04-11,258.20
2018-04-12,259.38
2018-04-13,258.70
2018-04-16,258.58
2018-04-17,262.26
2018-04-18,265.02
2018-04-19,261.18
2018-04-20,259.14
2018-04-23,257.25
2018-04-24,255.57
2018-04-25,253.95
2018-04-26,256.07
2018-04-27,255.41
2018-04-30,250.56
2018-05-01,250.92
2018-05-02,253.20
2018-05-03,251.22
2018-05-04,255.36
2018-05-07,258.55
2018-05-08,258.56
2018-05-09,261.11
2018-05-10,265.27
2018-05-11,263.47
2018-05-14,264.65
2018-05-15,264.49
2018-05-16,265.86
2018-05-17,266.17
2018-05-18,263.91
2018-05-21,266.90
2018-05-22,265.24
2018-05-23,264.03
2018-05-24,262.73
2018-05-25,264.36
2018-05-28,
2018-05-29,264.74
2018-05-30,266.69
2018-05-31,262.99
2018-06-01,263.55
2018-06-04,263.31
2018-06-05,262.69
2018-06-06,264.33
2018-06-07,262.20
2018-06-08,261.11
2018-06-11,262.02
2018-06-12,264.48
2018-06-13,264.68
2018-06-14,266.80
2018-06-15,263.91
2018-06-18,265.39
2018-06-19,261.91
2018-06-20,263.49
2018-06-21,260.82
2018-06-22,260.86
2018-06-25,256.63
2018-06-26,258.10
2018-06-27,254.42
2018-06-28,254.69
2018-06-29,254.93
2018-07-02,255.71
2018-07-03,255.41
2018-07-04,
2018-07-05,259.52
2018-07-06,261.98
2018-07-09,264.20
2018-07-10,265.60
2018-07-11,261.64
2018-07-12,263.58
2018-07-13,263.12
2018-07-16,261.43
2018-07-17,263.45
2018-07-18,264.78
2018-07-19,265.09
2018-07-20,261.65
2018-07-23,259.53
2018-07-24,258.44
2018-07-25,261.74
2018-07-26,263.29
2018-07-27,259.91
2018-07-30,257.37
2018-07-31,261.58
2018-08-01,260.81
2018-08-02,266.45
2018-08-03,263.94
2018-08-06,265.53
2018-08-07,270.00
2018-08-08,269.92
2018-08-09,268.54
2018-08-10,266.43
2018-08-13,264.93
2018-08-14,265.50
2018-08-15,261.41
2018-08-16,262.47
2018-08-17,260.03
2018-08-20,263.05
2018-08-21,266.77
2018-08-22,265.94
2018-08-23,264.12
2018-08-24,266.92
2018-08-27,269.27
2018-08-28,267.64
2018-08-29,268.25
2018-08-30,265.90
2018-08-31,268.53
2018-09-03,
2018-09-04,266.78
2018-09-05,265.34
2018-09-06,262.34
2018-09-07,259.54
2018-09-10,260.87
2018-09-11,262.69
2018-09-12,263.79
2018-09-13,264.21
2018-09-14,265.59
2018-09-17,263.60
2018-09-18,264.17
2018-09-19,265.23
2018-09-20,268.61
2018-09-21,268.16
2018-09-24,266.19
2018-09-25,262.91
2018-09-26,260.19
2018-09-27,259.86
2018-09-28,257.32
2018-10-01,259.98
2018-10-02,260.91
2018-10-03,259.16
2018-10-04,254.19
2018-10-05,248.72
2018-10-08,247.08
2018-10-09,244.81
2018-10-10,237.16
2018-10-11,234.97
2018-10-12,238.38
2018-10-15,240.50
2018-10-16,247.70
2018-10-17,246.60
2018-10-18,241.81
2018-10-19,239.74
2018-10-22,239.78
2018-10-23,239.30
2018-10-24,230.61
2018-10-25,236.08
2018-10-26,233.71
2018-10-29,234.36
2018-10-30,241.10
2018-10-31,246.01
2018-11-01,253.07
2018-11-02,251.49
2018-11-05,250.89
2018-11-06,251.17
2018-11-07,255.64
2018-11-08,254.39
2018-11-09,251.30
2018-11-12,243.45
2018-11-13,244.39
2018-11-14,243.78
2018-11-15,248.50
2018-11-16,250.76
2018-11-19,246.63
2018-11-20,242.56
2018-11-21,245.21
2018-11-22,
2018-11-23,244.97
2018-11-26,249.80
2018-11-27,249.52
2018-11-28,254.90
2018-11-29,253.65
2018-11-30,254.41
2018-12-03,258.92
2018-12-04,250.62
2018-12-05,
2018-12-06,249.95
2018-12-07,244.31
2018-12-10,245.18
2018-12-11,244.61
2018-12-12,246.92
2018-12-13,246.67
2018-12-14,242.14
2018-12-17,235.21
2018-12-18,235.60
2018-12-19,230.63
2018-12-20,225.26
2018-12-21,221.80
2018-12-24,214.97
2018-12-25,
2018-12-26,227.08
2018-12-27,227.81
2018-12-28,228.92
2018-12-31,230.89
2019-01-01,
2019-01-02,230.63
2019-01-03,223.09
2019-01-04,232.78
2019-01-07,235.19
2019-01-08,237.17
2019-01-09,240.40
2019-01-10,244.01
2019-01-11,245.78
2019-01-14,241.65
2019-01-15,242.30
2019-01-16,243.48
2019-01-17,245.96
2019-01-18,246.06
2019-01-21,
2019-01-22,240.38
2019-01-23,239.49
2019-01-24,246.87
2019-01-25,251.29
2019-01-28,250.80
2019-01-29,250.11
2019-01-30,252.81
2019-01-31,255.54
2019-02-01,256.47
2019-02-04,259.47
2019-02-05,261.33
2019-02-06,262.94
2019-02-07,258.08
2019-02-08,257.79
2019-02-11,259.76
2019-02-12,262.47
2019-02-13,263.19
2019-02-14,263.69
2019-02-15,265.34
2019-02-18,
2019-02-19,266.41
2019-02-20,266.55
2019-02-21,267.19
2019-02-22,273.94
2019-02-25,274.98
2019-02-26,273.52
2019-02-27,274.03
2019-02-28,272.87
2019-03-01,272.11
2019-03-04,270.70
2019-03-05,269.22
2019-03-06,265.04
2019-03-07,262.68
2019-03-08,262.93
2019-03-11,268.29
2019-03-12,268.49
2019-03-13,269.69
2019-03-14,268.19
2019-03-15,268.80
2019-03-18,269.74
2019-03-19,269.96
2019-03-20,268.38
2019-03-21,270.67
2019-03-22,261.71
2019-03-25,260.05
2019-03-26,260.36
2019-03-27,259.59
2019-03-28,260.82
2019-03-29,262.57
2019-04-01,268.07
2019-04-02,267.85
2019-04-03,272.92
2019-04-04,272.96
2019-04-05,276.13
2019-04-08,277.38
2019-04-09,274.02
2019-04-10,277.08
2019-04-11,275.33
2019-04-12,277.22
2019-04-15,276.53
2019-04-16,278.89
2019-04-17,278.50
2019-04-18,278.86
2019-04-19,
2019-04-22,277.20
2019-04-23,278.50
2019-04-24,278.92
2019-04-25,274.63
2019-04-26,275.52
2019-04-29,274.69
2019-04-30,274.44
2019-05-01,271.83
2019-05-02,273.32
2019-05-03,280.33
2019-05-06,277.95
2019-05-07,276.98
2019-05-08,271.82
2019-05-09,268.77
2019-05-10,268.93
2019-05-13,258.68
2019-05-14,262.60
2019-05-15,265.27
2019-05-16,265.57
2019-05-17,259.18
2019-05-20,255.42
2019-05-21,260.56
2019-05-22,258.55
2019-05-23,253.11
2019-05-24,253.74
2019-05-27,
2019-05-28,253.98
2019-05-29,251.37
2019-05-30,251.22
2019-05-31,246.30
2019-06-03,248.35
2019-06-04,256.16
2019-06-05,256.38
2019-06-06,257.65
2019-06-07,260.76
2019-06-10,266.03
2019-06-11,267.04
2019-06-12,263.48
2019-06-13,267.51
2019-06-14,262.72
2019-06-17,263.50
2019-06-18,270.80
2019-06-19,271.52
2019-06-20,273.68
2019-06-21,271.66
2019-06-24,271.52
2019-06-25,267.53
2019-06-26,269.69
2019-06-27,274.55
2019-06-28,276.27
2019-07-01,279.67
2019-07-02,278.26
2019-07-03,281.21
2019-07-04,
2019-07-05,281.59
2019-07-08,278.95
2019-07-09,280.14
2019-07-10,280.68
2019-07-11,278.48
2019-07-12,282.38
2019-07-15,283.69
2019-07-16,283.28
2019-07-17,283.35
2019-07-18,284.95
2019-07-19,285.66
2019-07-22,286.19
2019-07-23,289.18
2019-07-24,293.90
2019-07-25,286.88
2019-07-26,288.19
2019-07-29,288.64
2019-07-30,290.67
2019-07-31,288.76
2019-08-01,286.78
2019-08-02,284.02
2019-08-05,271.43
2019-08-06,275.91
2019-08-07,282.03
2019-08-08,288.45
2019-08-09,282.56
2019-08-12,278.66
2019-08-13,283.39
2019-08-14,272.83
2019-08-15,271.32
2019-08-16,277.94
2019-08-19,282.39
2019-08-20,281.84
2019-08-21,281.85
2019-08-22,279.36
2019-08-23,270.27
2019-08-26,272.63
2019-08-27,270.49
2019-08-28,272.57
2019-08-29,276.00
2019-08-30,276.16
2019-09-02,
2019-09-03,271.09
2019-09-04,276.18
2019-09-05,280.67
2019-09-06,280.68
2019-09-09,280.33
2019-09-10,281.17
2019-09-11,287.56
2019-09-12,284.79
2019-09-13,286.33
2019-09-16,286.76
2019-09-17,289.20
2019-09-18,288.76
2019-09-19,291.51
2019-09-20,290.16
2019-09-23,291.98
2019-09-24,283.05
2019-09-25,285.45
2019-09-26,282.57
2019-09-27,278.12
2019-09-30,279.54
2019-10-01,274.53
2019-10-02,269.84
2019-10-03,271.65
2019-10-04,275.36
2019-10-07,274.19
2019-10-08,270.53
2019-10-09,272.66
2019-10-10,274.43
2019-10-11,277.99
2019-10-14,277.55
2019-10-15,279.57
2019-10-16,277.99
2019-10-17,280.03
2019-10-18,279.53
2019-10-21,281.90
2019-10-22,279.59
2019-10-23,279.45
2019-10-24,285.23
2019-10-25,287.50
2019-10-28,290.35
2019-10-29,288.43
2019-10-30,284.18
2019-10-31,286.06
2019-11-01,289.03
2019-11-04,292.15
2019-11-05,295.64
2019-11-06,293.74
2019-11-07,294.44
2019-11-08,294.05
2019-11-11,294.95
2019-11-12,295.43
2019-11-13,292.60
2019-11-14,293.73
2019-11-15,297.09
2019-11-18,295.49
2019-11-19,296.32
2019-11-20,293.08
2019-11-21,292.30
2019-11-22,290.84
2019-11-25,296.56
2019-11-26,297.13
2019-11-27,302.08
2019-11-28,
2019-11-29,298.60
2019-12-02,297.63
2019-12-03,296.89
2019-12-04,299.01
2019-12-05,298.03
2019-12-06,301.54
2019-12-09,299.52
2019-12-10,301.10
2019-12-11,304.21
2019-12-12,307.97
2019-12-13,307.65
2019-12-16,312.89
2019-12-17,314.51
2019-12-18,316.71
2019-12-19,318.20
2019-12-20,319.92
2019-12-23,322.57
2019-12-24,323.13
2019-12-25,
2019-12-26,326.15
2019-12-27,323.78
2019-12-30,323.52
2019-12-31,324.91
2020-01-01,
2020-01-02,330.30
2020-01-03,329.75
2020-01-06,330.15
2020-01-07,333.07
2020-01-08,336.29
2020-01-09,336.12
2020-01-10,335.26
2020-01-13,344.73
2020-01-14,347.80
2020-01-15,346.60
2020-01-16,348.69
2020-01-17,350.41
2020-01-20,
2020-01-21,353.37
2020-01-22,352.33
2020-01-23,354.42
2020-01-24,351.14
2020-01-27,339.42
2020-01-28,346.74
2020-01-29,346.06
2020-01-30,349.99
2020-01-31,344.13
2020-02-03,354.50
2020-02-04,373.86
2020-02-05,365.66
2020-02-06,366.82
2020-02-07,360.53
2020-02-10,366.43
2020-02-11,372.17
2020-02-12,378.50
2020-02-13,380.03
2020-02-14,379.20
2020-02-17,
2020-02-18,384.11
2020-02-19,401.86
2020-02-20,404.57
2020-02-21,397.26
2020-02-24,379.88
2020-02-25,367.48
2020-02-26,362.80
2020-02-27,342.02
2020-02-28,342.80
2020-03-02,356.51
2020-03-03,353.69
2020-03-04,363.04
2020-03-05,356.67
2020-03-06,346.72
2020-03-09,309.85
2020-03-10,322.91
2020-03-11,301.87
2020-03-12,267.29
2020-03-13,277.87
2020-03-16,237.78
2020-03-17,253.29
2020-03-18,220.99
2020-03-19,235.51
2020-03-20,231.01
2020-03-23,225.63
2020-03-24,257.31
2020-03-25,269.66
2020-03-26,276.96
2020-03-27,259.12
2020-03-30,260.59
2020-03-31,262.47
2020-04-01,243.47
2020-04-02,243.42
2020-04-03,240.64
2020-04-06,263.32
2020-04-07,268.07
2020-04-08,278.74
2020-04-09,285.50
2020-04-10,
2020-04-13,288.15
2020-04-14,300.22
2020-04-15,290.79
2020-04-16,292.12
2020-04-17,300.61
2020-04-20,294.73
2020-04-21,280.31
2020-04-22,293.26
2020-04-23,294.33
2020-04-24,297.00
2020-04-27,310.62
2020-04-28,313.81
2020-04-29,332.91
2020-04-30,319.58
2020-05-01,301.99
2020-05-04,306.53
2020-05-05,309.25
2020-05-06,316.74
2020-05-07,321.64
2020-05-08,334.58
2020-05-11,333.26
2020-05-12,324.17
2020-05-13,313.08
2020-05-14,315.63
2020-05-15,315.33
2020-05-18,337.71
2020-05-19,337.00
2020-05-20,343.21
2020-05-21,338.52
2020-05-22,335.99
2020-05-25,
2020-05-26,349.59
2020-05-27,354.63
2020-05-28,345.43
2020-05-29,350.32
2020-06-01,359.41
2020-06-02,360.11
2020-06-03,371.47
2020-06-04,372.01
2020-06-05,383.23
2020-06-08,393.54
2020-06-09,390.14
2020-06-10,388.64
2020-06-11,361.36
2020-06-12,369.24
2020-06-15,378.70
2020-06-16,385.60
2020-06-17,378.37
2020-06-18,382.08
2020-06-19,382.18
2020-06-22,381.32
2020-06-23,383.38
2020-06-24,373.32
2020-06-25,375.56
2020-06-26,365.78
2020-06-29,378.40
2020-06-30,387.03
2020-07-01,388.28
2020-07-02,400.27
2020-07-03,
2020-07-06,423.08
2020-07-07,425.15
2020-07-08,435.56
2020-07-09,439.73
2020-07-10,446.86
2020-07-13,437.41
2020-07-14,454.12
2020-07-15,465.87
2020-07-16,457.84
2020-07-17,460.34
2020-07-20,473.78
2020-07-21,469.76
2020-07-22,471.58
2020-07-23,466.80
2020-07-24,456.25
2020-07-27,467.81
2020-07-28,455.69
2020-07-29,462.77
2020-07-30,457.50
2020-07-31,455.48
2020-08-03,471.27
2020-08-04,485.36
2020-08-05,497.65
2020-08-06,492.25
2020-08-07,497.27
2020-08-10,503.57
2020-08-11,490.40
2020-08-12,506.23
2020-08-13,513.93
2020-08-14,509.63
2020-08-17,522.99
2020-08-18,523.74
2020-08-19,524.62
2020-08-20,520.73
2020-08-21,523.16
2020-08-24,530.33
2020-08-25,541.66
2020-08-26,552.95
2020-08-27,553.28
2020-08-28,557.64
2020-08-31,564.19
2020-09-01,572.19
2020-09-02,566.36
2020-09-03,526.98
2020-09-04,524.58
2020-09-07,
2020-09-08,498.10
2020-09-09,519.82
2020-09-10,511.87
2020-09-11,511.97
2020-09-14,535.91
2020-09-15,550.07
2020-09-16,551.07
2020-09-17,537.59
2020-09-18,541.04
2020-09-21,534.31
2020-09-22,535.09
2020-09-23,511.49
2020-09-24,512.32
2020-09-25,529.15
2020-09-28,553.70
2020-09-29,566.94
2020-09-30,577.98
2020-10-01,594.77
2020-10-02,587.81
2020-10-05,617.57
2020-10-06,614.70
2020-10-07,644.83
2020-10-08,638.63
2020-10-09,653.54
2020-10-12,644.54
2020-10-13,646.12
2020-10-14,660.65
2020-10-15,660.02
2020-10-16,657.53
2020-10-19,657.64
2020-10-20,663.04
2020-10-21,635.49
2020-10-22,639.97
2020-10-23,641.47
2020-10-26,626.51
2020-10-27,625.24
2020-10-28,617.46
2020-10-29,633.89
2020-10-30,617.88
2020-11-02,641.68
2020-11-03,649.83
2020-11-04,644.32
2020-11-05,699.79
2020-11-06,704.86
2020-11-09,711.23
2020-11-10,693.51
2020-11-11,720.92
2020-11-12,723.11
2020-11-13,719.65
2020-11-16,738.78
2020-11-17,746.46
2020-11-18,741.00
2020-11-19,761.91
2020-11-20,773.56
2020-11-23,819.17
2020-11-24,828.70
2020-11-25,837.28
2020-11-26,
2020-11-27,848.94
2020-11-30,826.83
2020-12-01,806.16
2020-12-02,802.28
2020-12-03,793.08
2020-12-04,800.70
2020-12-07,808.75
2020-12-08,838.97
2020-12-09,801.72
2020-12-10,809.91
2020-12-11,805.01
2020-12-14,805.62
2020-12-15,849.41
2020-12-16,846.76
2020-12-17,862.13
2020-12-18,877.39
2020-12-21,889.26
2020-12-22,920.12
2020-12-23,926.01
2020-12-24,921.28
2020-12-25,
2020-12-28,904.42
2020-12-29,886.65
2020-12-30,914.77
2020-12-31,917.48
2021-01-01,
2021-01-04,925.77
2021-01-05,946.62
2021-01-06,1006.79
2021-01-07,1074.58
2021-01-08,1091.90
2021-01-11,1083.92
2021-01-12,1120.02
2021-01-13,1119.21
2021-01-14,1118.40
2021-01-15,1055.38
2021-01-18,
2021-01-19,1107.43
2021-01-20,1093.68
2021-01-21,1121.08
2021-01-22,1133.43
2021-01-25,1115.47
2021-01-26,1121.04
2021-01-27,1069.13
2021-01-28,1080.29
2021-01-29,1044.18
2021-02-01,1078.84
2021-02-02,1090.23
2021-02-03,1099.76
2021-02-04,1099.98
2021-02-05,1105.59
2021-02-08,1137.81
2021-02-09,1152.37
2021-02-10,1127.11
2021-02-11,1134.39
2021-02-12,1137.78
2021-02-15,
2021-02-16,1105.63
2021-02-17,1077.59
2021-02-18,1021.15
2021-02-19,1057.00
2021-02-22,985.06
2021-02-23,966.33
2021-02-24,1006.40
2021-02-25,932.26
2021-02-26,955.22
2021-03-01,1005.24
2021-03-02,958.78
2021-03-03,906.85
2021-03-04,856.13
2021-03-05,845.08
2021-03-08,811.58
2021-03-09,889.09
2021-03-10,893.74
2021-03-11,955.74
2021-03-12,949.22
2021-03-15,956.34
2021-03-16,927.37
2021-03-17,925.68
2021-03-18,869.17
2021-03-19,888.53
2021-03-22,903.79
2021-03-23,870.50
2021-03-24,832.52
2021-03-25,845.19
2021-03-26,860.84
2021-03-29,821.48
2021-03-30,860.19
2021-03-31,896.35
2021-04-01,904.26
2021-04-02,
2021-04-05,890.27
2021-04-06,902.10
2021-04-07,864.87
2021-04-08,877.26
2021-04-09,870.12
2021-04-12,858.99
2021-04-13,868.91
2021-04-14,859.67
2021-04-15,842.32
2021-04-16,856.45
2021-04-19,832.79
2021-04-20,821.36
2021-04-21,854.96
2021-04-22,863.43
2021-04-23,891.77
2021-04-26,915.29
2021-04-27,901.90
2021-04-28,883.55
2021-04-29,862.14
2021-04-30,847.19
2021-05-03,827.85
2021-05-04,792.49
2021-05-05,788.01
2021-05-06,773.33
2021-05-07,786.10
2021-05-10,744.57
2021-05-11,753.17
2021-05-12,718.70
2021-05-13,712.65
2021-05-14,746.09
2021-05-17,738.22
2021-05-18,748.40
2021-05-19,759.02
2021-05-20,780.74
2021-05-21,784.52
2021-05-24,788.74
2021-05-25,784.07
2021-05-26,808.80
2021-05-27,819.39
2021-05-28,817.11
2021-05-31,
2021-06-01,826.12
2021-06-02,822.12
2021-06-03,805.21
2021-06-04,819.33
2021-06-07,828.98
2021-06-08,840.18
2021-06-09,830.01
2021-06-10,834.45
2021-06-11,847.06
2021-06-14,848.56
2021-06-15,825.74
2021-06-16,833.25
2021-06-17,850.47
2021-06-18,838.24
2021-06-21,838.03
2021-06-22,843.36
2021-06-23,861.31
2021-06-24,865.21
2021-06-25,869.32
2021-06-28,910.47
2021-06-29,907.62
2021-06-30,905.02
2021-07-01,896.64
2021-07-02,894.34
2021-07-05,
2021-07-06,893.00
2021-07-07,865.89
2021-07-08,854.76
2021-07-09,866.13
2021-07-12,880.31
2021-07-13,864.49
2021-07-14,832.58
2021-07-15,824.96
2021-07-16,810.01
2021-07-19,807.79
2021-07-20,834.10
2021-07-21,867.21
2021-07-22,855.98
2021-07-23,840.77
2021-07-26,838.36
2021-07-27,812.59
2021-07-28,845.21
2021-07-29,859.20
2021-07-30,874.25
2021-08-02,878.24
2021-08-03,890.92
2021-08-04,886.02
2021-08-05,886.25
2021-08-06,877.70
2021-08-09,895.94
2021-08-10,900.10
2021-08-11,889.35
2021-08-12,884.26
2021-08-13,864.86
2021-08-16,841.23
2021-08-17,825.12
2021-08-18,826.64
2021-08-19,809.60
2021-08-20,824.79
2021-08-23,851.26
2021-08-24,859.98
2021-08-25,865.24
2021-08-26,856.11
2021-08-27,870.47
2021-08-30,875.30
2021-08-31,875.26
2021-09-01,879.49
2021-09-02,889.07
2021-09-03,879.21
2021-09-06,
2021-09-07,878.85
2021-09-08,858.31
2021-09-09,862.61
2021-09-10,852.76
2021-09-13,857.46
2021-09-14,852.94
2021-09-15,855.44
2021-09-16,851.09
2021-09-17,860.25
2021-09-20,822.62
2021-09-21,826.90
2021-09-22,844.40
2021-09-23,851.32
2021-09-24,839.00
2021-09-27,852.68
2021-09-28,824.80
2021-09-29,813.20
2021-09-30,818.45
2021-10-01,822.78
2021-10-04,795.79
2021-10-05,804.43
2021-10-06,806.27
2021-10-07,828.28
2021-10-08,821.25
2021-10-11,832.58
2021-10-12,853.88
2021-10-13,874.28
2021-10-14,875.83
2021-10-15,878.71
2021-10-18,896.21
2021-10-19,914.27
2021-10-20,906.41
2021-10-21,915.07
2021-10-22,903.53
2021-10-25,945.22
2021-10-26,931.79
2021-10-27,949.32
2021-10-28,998.79
2021-10-29,1012.50
2021-11-01,1054.27
2021-11-02,1045.43
2021-11-03,1052.66
2021-11-04,1065.13
2021-11-05,1052.75
2021-11-08,1069.38
2021-11-09,1036.96
2021-11-10,1018.74
2021-11-11,1058.71
2021-11-12,1066.01
2021-11-15,1049.49
2021-11-16,1059.48
2021-11-17,1050.55
2021-11-18,1034.04
2021-11-19,1057.60
2021-11-22,1050.76
2021-11-23,1034.51
2021-11-24,1041.17
2021-11-25,
2021-11-26,1006.71
2021-11-29,1031.62
2021-11-30,1008.21
2021-12-01,971.67
2021-12-02,966.71
2021-12-03,918.76
2021-12-06,918.82
2021-12-07,956.43
2021-12-08,965.67
2021-12-09,930.30
2021-12-10,930.48
2021-12-13,911.45
2021-12-14,884.85
2021-12-15,892.88
2021-12-16,856.74
2021-12-17,863.22
2021-12-20,821.99
2021-12-21,863.49
2021-12-22,870.99
2021-12-23,881.27
2021-12-24,
2021-12-27,891.79
2021-12-28,880.33
2021-12-29,873.16
2021-12-30,892.55
2021-12-31,889.43
2022-01-03,917.51
2022-01-04,904.04
2022-01-05,852.89
2022-01-06,842.75
2022-01-07,832.15
2022-01-10,824.62
2022-01-11,844.54
2022-01-12,854.25
2022-01-13,827.36
2022-01-14,831.75
2022-01-17,
2022-01-18,799.89
2022-01-19,776.54
2022-01-20,767.42
2022-01-21,735.19
2022-01-24,736.06
2022-01-25,711.75
2022-01-26,710.59
2022-01-27,677.77
2022-01-28,685.87
2022-01-31,748.43
2022-02-01,756.67
2022-02-02,742.49
2022-02-03,709.45
2022-02-04,729.46
2022-02-07,733.90
2022-02-08,752.04
2022-02-09,786.26
2022-02-10,765.42
2022-02-11,737.76
2022-02-14,736.45
2022-02-15,783.15
2022-02-16,785.34
2022-02-17,744.92
2022-02-18,726.96
2022-02-21,
2022-02-22,701.62
2022-02-23,682.20
2022-02-24,732.50
2022-02-25,745.18
2022-02-28,781.26
2022-03-01,769.49
2022-03-02,772.18
2022-03-03,750.29
2022-03-04,733.61
2022-03-07,726.19
2022-03-08,765.35
2022-03-09,788.79
2022-03-10,773.96
2022-03-11,748.30
2022-03-14,703.87
2022-03-15,731.01
2022-03-16,778.10
2022-03-17,791.81
2022-03-18,811.70
2022-03-21,806.92
2022-03-22,830.30
2022-03-23,825.89
2022-03-24,848.42
2022-03-25,834.33
2022-03-28,846.23
2022-03-29,868.55
2022-03-30,852.51
2022-03-31,844.99
2022-04-01,849.13
2022-04-04,880.52
2022-04-05,841.15
2022-04-06,813.35
2022-04-07,807.08
2022-04-08,786.42
2022-04-11,773.73
2022-04-12,769.54
2022-04-13,791.72
2022-04-14,772.25
2022-04-15,
2022-04-18,769.82
2022-04-19,791.39
2022-04-20,762.38
2022-04-21,721.81
2022-04-22,707.69
2022-04-25,713.76
2022-04-26,679.06
2022-04-27,686.28
2022-04-28,698.23
2022-04-29,682.92
2022-05-02,700.30
2022-05-03,713.29
2022-05-04,757.61
2022-05-05,716.96
2022-05-06,696.41
2022-05-09,640.42
2022-05-10,640.31
2022-05-11,602.44
2022-05-12,610.17
2022-05-13,654.58
2022-05-16,641.09
2022-05-17,680.56
2022-05-18,662.55
2022-05-19,680.99
2022-05-20,675.10
2022-05-23,679.80
2022-05-24,656.77
2022-05-25,669.43
2022-05-26,705.18
2022-05-27,740.73
2022-05-30,
2022-05-31,729.52
2022-06-01,711.90
2022-06-02,752.40
2022-06-03,736.53
2022-06-06,759.87
2022-06-07,766.45
2022-06-08,757.27
2022-06-09,734.29
2022-06-10,713.47
2022-06-13,659.27
2022-06-14,667.92
2022-06-15,689.19
2022-06-16,641.84
2022-06-17,673.54
2022-06-20,
2022-06-21,697.25
2022-06-22,692.64
2022-06-23,707.52
2022-06-24,725.86
2022-06-27,730.78
2022-06-28,700.54
2022-06-29,678.58
2022-06-30,683.06
2022-07-01,677.95
2022-07-04,
2022-07-05,682.16
2022-07-06,673.72
2022-07-07,713.66
2022-07-08,723.90
2022-07-11,686.95
2022-07-12,675.47
2022-07-13,681.07
2022-07-14,684.10
2022-07-15,681.02
2022-07-18,690.66
2022-07-19,708.56
2022-07-20,723.88
2022-07-21,734.13
2022-07-22,713.59
2022-07-25,721.82
2022-07-26,708.46
2022-07-27,748.43
2022-07-28,792.36
2022-07-29,814.32
2022-08-01,804.75
2022-08-02,821.49
2022-08-03,820.10
2022-08-04,831.74
2022-08-05,834.87
2022-08-08,837.58
2022-08-09,821.37
2022-08-10,867.08
2022-08-11,860.07
2022-08-12,892.11
2022-08-15,895.08
2022-08-16,878.49
2022-08-17,861.58
2022-08-18,880.40
2022-08-19,848.10
2022-08-22,831.99
2022-08-23,838.15
2022-08-24,860.27
2022-08-25,886.75
2022-08-26,858.38
2022-08-29,847.71
2022-08-30,835.30
2022-08-31,838.00
2022-09-01,816.92
2022-09-02,803.38
2022-09-05,
2022-09-06,810.49
2022-09-07,849.39
2022-09-08,863.09
2022-09-09,875.84
2022-09-12,887.36
2022-09-13,866.69
2022-09-14,887.47
2022-09-15,867.00
2022-09-16,860.56
2022-09-19,864.36
2022-09-20,836.32
2022-09-21,831.89
2022-09-22,790.90
2022-09-23,770.21
2022-09-26,758.87
2022-09-27,772.15
2022-09-28,790.14
2022-09-29,746.36
2022-09-30,744.13
2022-10-03,756.57
2022-10-04,795.68
2022-10-05,770.63
2022-10-06,760.72
2022-10-07,724.92
2022-10-10,713.82
2022-10-11,706.55
2022-10-12,687.17
2022-10-13,696.67
2022-10-14,657.11
2022-10-17,682.27
2022-10-18,696.93
2022-10-19,685.37
2022-10-20,672.74
2022-10-21,697.02
2022-10-24,691.72
2022-10-25,727.10
2022-10-26,738.66
2022-10-27,734.51
2022-10-28,739.74
2022-10-31,737.76
2022-11-01,732.48
2022-11-02,703.33
2022-11-03,715.37
2022-11-04,720.43
2022-11-07,712.78
2022-11-08,732.64
2022-11-09,707.98
2022-11-10,777.58
2022-11-11,789.08
2022-11-14,775.59
2022-11-15,785.19
2022-11-16,764.68
2022-11-17,759.85
2022-11-18,756.64
2022-11-21,741.68
2022-11-22,754.67
2022-11-23,764.92
2022-11-24,
2022-11-25,759.81
2022-11-28,735.85
2022-11-29,731.36
2022-11-30,770.65
2022-12-01,756.96
2022-12-02,769.52
2022-12-05,748.58
2022-12-06,716.06
2022-12-07,716.80
2022-12-08,722.75
2022-12-09,714.70
2022-12-12,715.91
2022-12-13,725.39
2022-12-14,720.61
2022-12-15,696.10
2022-12-16,681.33
2022-12-19,664.24
2022-12-20,657.90
2022-12-21,667.95
2022-12-22,639.62
2022-12-23,634.07
2022-12-26,
2022-12-27,605.78
2022-12-28,597.82
2022-12-29,616.25
2022-12-30,617.40
2023-01-02,
2023-01-03,599.79
2023-01-04,614.81
2023-01-05,596.11
2023-01-06,609.64
2023-01-09,624.70
2023-01-10,636.20
2023-01-11,661.45
2023-01-12,676.15
2023-01-13,677.69
2023-01-16,
2023-01-17,687.03
2023-01-18,684.62
2023-01-19,650.76
2023-01-20,669.64
2023-01-23,704.81
2023-01-24,697.72
2023-01-25,695.59
2023-01-26,701.50
2023-01-27,731.57
2023-01-30,706.41
2023-01-31,732.80
2023-02-01,752.26
2023-02-02,765.07
2023-02-03,749.75
2023-02-06,744.48
2023-02-07,749.94
2023-02-08,739.27
2023-02-09,726.32
2023-02-10,718.10
2023-02-13,725.62
2023-02-14,736.74
2023-02-15,762.80
2023-02-16,739.94
2023-02-17,726.94
2023-02-20,
2023-02-21,694.50
2023-02-22,697.23
2023-02-23,697.19
2023-02-24,679.70
2023-02-27,699.10
2023-02-28,702.85
2023-03-01,699.86
2023-03-02,689.15
2023-03-03,712.68
2023-03-06,709.73
2023-03-07,695.48
2023-03-08,700.18
2023-03-09,678.51
2023-03-10,656.32
2023-03-13,655.24
2023-03-14,663.80
2023-03-15,641.70
2023-03-16,645.64
2023-03-17,624.55
2023-03-20,634.06
2023-03-21,661.23
2023-03-22,643.79
2023-03-23,650.52
2023-03-24,643.79
2023-03-27,642.86
2023-03-28,637.67
2023-03-29,659.74
2023-03-30,665.09
2023-03-31,682.67
2023-04-03,666.51
2023-04-04,652.81
2023-04-05,632.08
2023-04-06,627.64
2023-04-07,
2023-04-10,639.67
2023-04-11,646.59
2023-04-12,636.81
2023-04-13,650.44
2023-04-14,642.07
2023-04-17,657.11
2023-04-18,653.50
2023-04-19,643.98
2023-04-20,630.96
2023-04-21,624.17
2023-04-24,627.35
2023-04-25,607.99
2023-04-26,581.13
2023-04-27,589.21
2023-04-28,587.77
2023-05-01,582.26
2023-05-02,571.87
2023-05-03,573.22
2023-05-04,569.13
2023-05-05,591.77
2023-05-08,597.43
2023-05-09,593.84
2023-05-10,598.28
2023-05-11,598.24
2023-05-12,610.74
2023-05-15,618.23
2023-05-16,606.60
2023-05-17,619.95
2023-05-18,620.02
2023-05-19,612.83
2023-05-22,628.33
2023-05-23,625.08
2023-05-24,614.51
2023-05-25,616.59
2023-05-26,629.48
2023-05-29,
2023-05-30,634.82
2023-05-31,626.39
2023-06-01,635.77
2023-06-02,644.34
2023-06-05,640.36
2023-06-06,651.94
2023-06-07,656.35
2023-06-08,658.22
2023-06-09,652.24
2023-06-12,664.87
2023-06-13,681.57
2023-06-14,671.74
2023-06-15,675.15
2023-06-16,668.15
2023-06-19,
2023-06-20,662.89
2023-06-21,651.47
2023-06-22,645.25
2023-06-23,630.44
2023-06-26,629.64
2023-06-27,646.21
2023-06-28,647.18
2023-06-29,655.59
2023-06-30,670.73
2023-07-03,686.73
2023-07-04,
2023-07-05,683.52
2023-07-06,668.87
2023-07-07,688.17
2023-07-10,704.33
2023-07-11,706.25
2023-07-12,718.43
2023-07-13,728.84
2023-07-14,713.00
2023-07-17,736.36
2023-07-18,737.32
2023-07-19,735.30
2023-07-20,711.64
2023-07-21,706.65
2023-07-24,705.71
2023-07-25,704.82
2023-07-26,706.50
2023-07-27,693.37
2023-07-28,703.86
2023-07-31,714.59
2023-08-01,700.83
2023-08-02,669.01
2023-08-03,667.82
2023-08-04,660.63
2023-08-07,653.33
2023-08-08,651.54
2023-08-09,646.17
2023-08-10,636.93
2023-08-11,629.30
2023-08-14,633.43
2023-08-15,615.02
2023-08-16,602.39
2023-08-17,590.01
2023-08-18,588.94
2023-08-21,596.99
2023-08-22,591.99
2023-08-23,602.41
2023-08-24,584.86
2023-08-25,593.27
2023-08-28,597.82
2023-08-29,623.00
2023-08-30,622.81
2023-08-31,622.50
2023-09-01,623.56
2023-09-04,
2023-09-05,622.94
2023-09-06,609.57
2023-09-07,601.55
2023-09-08,596.56
2023-09-11,603.27
2023-09-12,605.03
2023-09-13,599.41
2023-09-14,611.25
2023-09-15,602.61
2023-09-18,590.24
2023-09-19,588.66
2023-09-20,581.06
2023-09-21,564.17
2023-09-22,558.91
2023-09-25,562.30
2023-09-26,554.51
2023-09-27,552.33
2023-09-28,556.37
2023-09-29,558.25
2023-10-02,541.56
2023-10-03,520.85
2023-10-04,533.04
2023-10-05,509.12
2023-10-06,520.37
2023-10-09,513.42
2023-10-10,537.65
2023-10-11,540.22
2023-10-12,530.95
2023-10-13,521.08
2023-10-16,531.37
2023-10-17,537.56
2023-10-18,512.19
2023-10-19,492.79
2023-10-20,473.83
2023-10-23,470.90
2023-10-24,479.02
2023-10-25,465.41
2023-10-26,464.13
2023-10-27,452.40
2023-10-30,434.18
2023-10-31,439.26
2023-11-01,437.10
2023-11-02,459.24
2023-11-03,469.85
2023-11-06,456.14
2023-11-07,458.45
2023-11-08,447.51
2023-11-09,430.87
2023-11-10,431.57
2023-11-13,433.92
2023-11-14,469.03
2023-11-15,478.19
2023-11-16,467.00
2023-11-17,471.40
2023-11-20,479.55
2023-11-21,468.56
2023-11-22,469.41
2023-11-23,
2023-11-24,470.27
2023-11-27,464.77
2023-11-28,474.82
2023-11-29,480.50
2023-11-30,477.91
2023-12-01,496.95
2023-12-04,494.42
2023-12-05,484.18
2023-12-06,485.26
2023-12-07,493.23
2023-12-08,493.49
2023-12-11,495.43
2023-12-12,484.88
2023-12-13,513.88
2023-12-14,553.19
2023-12-15,553.76
2023-12-18,549.19
2023-12-19,562.94
2023-12-20,538.31
2023-12-21,554.29
2023-12-22,556.34
2023-12-25,
2023-12-26,565.90
2023-12-27,565.22
2023-12-28,561.99
2023-12-29,552.08
2024-01-01,
2024-01-02,542.37
2024-01-03,522.42
2024-01-04,510.23
2024-01-05,506.48
2024-01-08,513.07
2024-01-09,507.17
2024-01-10,501.23
2024-01-11,490.40
2024-01-12,481.08
2024-01-15,
2024-01-16,470.09
2024-01-17,457.74
2024-01-18,455.49
2024-01-19,456.55
2024-01-22,468.01
2024-01-23,474.74
2024-01-24,464.86
2024-01-25,458.51
2024-01-26,456.14
2024-01-29,471.32
2024-01-30,464.27
2024-01-31,454.39
2024-02-01,462.54
2024-02-02,455.72
2024-02-05,445.76
2024-02-06,454.89
2024-02-07,462.23
2024-02-08,469.01
2024-02-09,479.63
2024-02-12,488.54
2024-02-13,463.34
2024-02-14,480.46
2024-02-15,489.87
2024-02-16,484.28
2024-02-19,
2024-02-20,472.73
2024-02-21,467.59
2024-02-22,449.47
2024-02-23,438.63
2024-02-26,446.29
2024-02-27,452.57
2024-02-28,452.70
2024-02-29,460.15
2024-03-01,468.77
2024-03-04,457.37
2024-03-05,443.19
2024-03-06,451.07
2024-03-07,463.59
2024-03-08,459.70
2024-03-11,460.18
2024-03-12,453.36
2024-03-13,443.92
2024-03-14,427.12
2024-03-15,426.10
2024-03-18,429.53
2024-03-19,425.47
2024-03-20,437.48
2024-03-21,441.75
2024-03-22,435.99
2024-03-25,433.87
2024-03-26,431.40
2024-03-27,452.69
2024-03-28,453.05
2024-03-29,
2024-04-01,451.70
2024-04-02,435.97
2024-04-03,440.26
2024-04-04,436.87
2024-04-05,433.20
2024-04-08,442.05
2024-04-09,453.04
2024-04-10,441.92
2024-04-11,443.29
2024-04-12,427.03
2024-04-15,412.98
2024-04-16,405.39
2024-04-17,407.18
2024-04-18,401.34
2024-04-19,397.71
2024-04-22,399.34
2024-04-23,408.23
2024-04-24,411.81
2024-04-25,410.77
2024-04-26,418.34
2024-04-29,433.59
2024-04-30,421.74
2024-05-01,421.36
2024-05-02,433.94
2024-05-03,448.84
2024-05-06,456.42
2024-05-07,451.59
2024-05-08,449.15
2024-05-09,452.32
2024-05-10,443.48
2024-05-13,450.60
2024-05-14,463.19
2024-05-15,460.84
2024-05-16,459.50
2024-05-17,458.78
2024-05-20,458.51
2024-05-21,463.39
2024-05-22,485.84
2024-05-23,472.01
2024-05-24,492.81
2024-05-27,
2024-05-28,493.64
2024-05-29,484.34
2024-05-30,494.05
2024-05-31,491.38
2024-06-03,489.95
2024-06-04,482.27
2024-06-05,493.91
2024-06-06,490.08
2024-06-07,479.15
2024-06-10,488.80
2024-06-11,490.44
2024-06-12,497.72
2024-06-13,488.10
2024-06-14,471.36
2024-06-17,466.88
2024-06-18,465.38
2024-06-19,
2024-06-20,452.47
2024-06-21,449.74
2024-06-24,451.01
2024-06-25,446.39
2024-06-26,455.05
2024-06-27,458.22
2024-06-28,445.42
2024-07-01,443.22
2024-07-02,452.64
2024-07-03,467.09
2024-07-04,
2024-07-05,465.08
2024-07-08,474.77
2024-07-09,471.87
2024-07-10,483.41
2024-07-11,491.47
2024-07-12,509.48
2024-07-15,494.99
2024-07-16,512.53
2024-07-17,493.35
2024-07-18,485.41
2024-07-19,474.77
2024-07-22,486.58
2024-07-23,483.95
2024-07-24,468.63
2024-07-25,467.34
2024-07-26,474.76
2024-07-29,476.08
2024-07-30,464.50
2024-07-31,478.89
2024-08-01,459.56
2024-08-02,435.45
2024-08-05,422.75
2024-08-06,423.60
2024-08-07,413.25
2024-08-08,431.44
2024-08-09,426.42
2024-08-12,420.35
2024-08-13,435.52
2024-08-14,427.38
2024-08-15,445.79
2024-08-16,444.94
2024-08-19,454.86
2024-08-20,447.19
2024-08-21,456.20
2024-08-22,445.70
2024-08-23,468.46
2024-08-26,465.67
2024-08-27,462.09
2024-08-28,453.26
2024-08-29,457.12
2024-08-30,460.82
2024-09-02,
2024-09-03,436.15
2024-09-04,441.45
2024-09-05,440.36
2024-09-06,423.84
2024-09-09,423.26
2024-09-10,428.59
2024-09-11,451.31
2024-09-12,448.53
2024-09-13,454.10
2024-09-16,452.74
2024-09-17,459.41
2024-09-18,456.62
2024-09-19,464.36
2024-09-20,454.63
2024-09-23,460.41
2024-09-24,464.47
2024-09-25,455.59
2024-09-26,467.44
2024-09-27,475.99
2024-09-30,470.36
2024-10-01,460.06
2024-10-02,456.30
2024-10-03,452.25
2024-10-04,459.29
2024-10-07,459.52
2024-10-08,454.00
2024-10-09,460.03
2024-10-10,447.46
2024-10-11,453.17
2024-10-14,453.34
2024-10-15,442.57
2024-10-16,451.50
2024-10-17,442.72
2024-10-18,442.15
2024-10-21,436.65
2024-10-22,437.11
2024-10-23,425.90
2024-10-24,438.78
2024-10-25,443.83
2024-10-28,450.76
2024-10-29,446.24
2024-10-30,440.05
2024-10-31,434.26
2024-11-01,438.69
2024-11-04,446.45
2024-11-05,455.79
2024-11-06,442.58
2024-11-07,444.21
2024-11-08,445.95
2024-11-11,454.42
2024-11-12,436.18
2024-11-13,438.64
2024-11-14,432.29
2024-11-15,427.71
2024-11-18,435.67
2024-11-19,435.62
2024-11-20,437.70
2024-11-21,440.34
2024-11-22,451.65
2024-11-25,464.92
2024-11-26,456.20
2024-11-27,459.69
2024-11-28,
2024-11-29,464.33
2024-12-02,472.25
2024-12-03,464.18
2024-12-04,458.38
2024-12-05,455.85
2024-12-06,463.96
2024-12-09,476.31
2024-12-10,467.38
2024-12-11,473.93
2024-12-12,469.30
2024-12-13,471.88
2024-12-16,477.49
2024-12-17,476.17
2024-12-18,450.13
2024-12-19,445.00
2024-12-20,453.94
2024-12-23,460.36
2024-12-24,468.61
2024-12-25,
2024-12-26,467.87
2024-12-27,459.23
2024-12-30,450.87
2024-12-31,444.21
2025-01-01,
2025-01-02,450.71
2025-01-03,473.74
2025-01-06,479.94
2025-01-07,476.56
2025-01-08,459.87
2025-01-09,
2025-01-10,449.61
2025-01-13,448.11
2025-01-14,447.50
2025-01-15,457.59
2025-01-16,459.50
2025-01-17,461.78
2025-01-20,
2025-01-21,456.19
2025-01-22,443.68
2025-01-23,449.42
2025-01-24,449.60
2025-01-27,436.83
2025-01-28,428.38
2025-01-29,432.16
2025-01-30,439.84
2025-01-31,439.42
2025-02-03,428.00
2025-02-04,436.30
2025-02-05,433.46
2025-02-06,438.02
2025-02-07,430.24
2025-02-10,426.23
2025-02-11,415.76
2025-02-12,417.31
2025-02-13,431.07
2025-02-14,435.84
2025-02-17,
2025-02-18,444.90
2025-02-19,447.13
2025-02-20,445.77
2025-02-21,432.71
2025-02-24,422.54
2025-02-25,411.74
2025-02-26,412.49
2025-02-27,399.24
2025-02-28,397.46
2025-03-03,380.38
2025-03-04,381.06
2025-03-05,391.08
2025-03-06,384.47
2025-03-07,393.45
2025-03-10,380.54
2025-03-11,380.43
2025-03-12,381.77
2025-03-13,375.56
2025-03-14,383.27
2025-03-17,390.65
2025-03-18,386.38
2025-03-19,391.80
2025-03-20,387.13
2025-03-21,389.78
2025-03-24,398.41
2025-03-25,400.26
2025-03-26,389.77
2025-03-27,388.52
2025-03-28,377.36
2025-03-31,374.83
2025-04-01,381.54
2025-04-02,382.23
2025-04-03,359.98
2025-04-04,339.03
2025-04-07,338.89
2025-04-08,320.13
2025-04-09,358.66
2025-04-10,337.83
2025-04-11,343.96
2025-04-14,352.75
2025-04-15,347.30
2025-04-16,339.25
2025-04-17,341.97
2025-04-18,
2025-04-21,331.74
2025-04-22,342.62
2025-04-23,344.72
2025-04-24,359.55
2025-04-25,367.82
2025-04-28,371.38
2025-04-29,370.14
2025-04-30,362.82
2025-05-01,365.37
2025-05-02,372.87
2025-05-05,363.44
2025-05-06,362.82
2025-05-07,362.95
2025-05-08,375.24
2025-05-09,385.89
2025-05-12,406.14
2025-05-13,422.19
2025-05-14,425.46
2025-05-15,426.38
2025-05-16,428.64
2025-05-19,419.85
2025-05-20,424.09
2025-05-21,410.27
2025-05-22,399.16
2025-05-23,398.33
2025-05-26,
2025-05-27,405.97
2025-05-28,403.25
2025-05-29,399.13
2025-05-30,395.67
2025-06-02,389.88
2025-06-03,406.06
2025-06-04,407.79
2025-06-05,401.79
2025-06-06,409.45
2025-06-09,419.64
2025-06-10,428.38
2025-06-11,426.91
2025-06-12,424.92
2025-06-13,423.36
2025-06-16,433.64
2025-06-17,412.07
2025-06-18,416.91
2025-06-19,
2025-06-20,413.96
2025-06-23,417.31
2025-06-24,425.37
2025-06-25,422.97
2025-06-26,432.39
2025-06-27,426.58
2025-06-30,427.92
2025-07-01,428.80
2025-07-02,439.71
2025-07-03,452.70
2025-07-04,
2025-07-07,443.17
2025-07-08,445.41
2025-07-09,451.81
2025-07-10,460.75
2025-07-11,454.08
2025-07-14,454.63
2025-07-15,459.63
2025-07-16,456.63
2025-07-17,468.54
2025-07-18,477.61
2025-07-21,476.63
2025-07-22,488.42
2025-07-23,483.54
2025-07-24,479.32
2025-07-25,484.31
2025-07-28,483.97
2025-07-29,472.83
2025-07-30,469.39
2025-07-31,461.97
2025-08-01,457.34
2025-08-04,455.25
2025-08-05,455.35
2025-08-06,449.05
2025-08-07,454.99
2025-08-08,460.04
2025-08-11,461.06
2025-08-12,472.53
2025-08-13,482.01
2025-08-14,475.47
2025-08-15,484.21
2025-08-18,494.63
2025-08-19,485.29
2025-08-20,480.14
2025-08-21,474.65
2025-08-22,498.09
2025-08-25,497.78
2025-08-26,499.38
2025-08-27,500.00
2025-08-28,505.08
2025-08-29,495.98
2025-09-01,
2025-09-02,486.88
2025-09-03,487.80
2025-09-04,489.79
2025-09-05,500.27
2025-09-08,494.20
2025-09-09,487.29
2025-09-10,493.23
2025-09-11,502.84
2025-09-12,502.75
2025-09-15,511.02
2025-09-16,518.48
2025-09-17,527.33
2025-09-18,539.73
2025-09-19,543.27
2025-09-22,556.93
2025-09-23,547.71
2025-09-24,548.73
2025-09-25,547.84
2025-09-26,548.93
2025-09-29,549.87
2025-09-30,548.50
2025-10-01,564.42
2025-10-02,563.54
2025-10-03,566.96
2025-10-06,576.80
2025-10-07,563.77
2025-10-08,571.64
2025-10-09,573.95
2025-10-10,552.24
2025-10-13,596.01
2025-10-14,603.06
2025-10-15,618.37
2025-10-16,605.54
2025-10-17,594.95
2025-10-20,606.59
2025-10-21,594.72
2025-10-22,577.04
2025-10-23,588.74
2025-10-24,603.53
2025-10-27,603.62
2025-10-28,601.07
2025-10-29,610.89
2025-10-30,592.96
2025-10-31,608.23
2025-11-03,608.39
2025-11-04,581.41
2025-11-05,617.03
2025-11-06,598.19
2025-11-07,597.75
2025-11-10,616.39
2025-11-11,608.56
2025-11-12,602.36
2025-11-13,568.54
2025-11-14,567.12
2025-11-17,556.76
2025-11-18,556.82
2025-11-19,559.99
2025-11-20,537.32
2025-11-21,544.06
2025-11-24,558.30
2025-11-25,566.96
2025-11-26,581.07
2025-11-27,
2025-11-28,593.32
2025-12-01,578.07
2025-12-02,583.17
2025-12-03,591.77
2025-12-04,605.31
2025-12-05,605.67
2025-12-08,599.99
2025-12-09,598.64
2025-12-10,601.29
2025-12-11,609.23
2025-12-12,593.01
2025-12-15,586.92
2025-12-16,583.73
2025-12-17,567.20
2025-12-18,587.43
2025-12-19,605.22
2025-12-22,616.72
2025-12-23,608.24
2025-12-24,610.34
2025-12-25,
2025-12-26,606.58
2025-12-29,596.29
2025-12-30,586.99
2025-12-31,582.78
