label,feature_group,model,threshold_rule,threshold,split,roc_auc,average_precision,f1,precision,recall,balanced_accuracy,selected_for_final,n_train,n_validation,n_test,model_params
high_dsv20_state_75,total_only,random_forest_tuned_threshold,max_f1,0.440805,test,0.536834624056465,0.34718190441039265,0.5087719298245614,0.36099585062240663,0.8613861386138614,0.5495049504950495,False,1262,303,303,"{""n_estimators"": 200, ""max_depth"": 3, ""min_samples_leaf"": 5, ""random_state"": 42}"
high_dsv20_state_75,total_only,random_forest_tuned_threshold,max_balanced_accuracy,0.483396,test,0.536834624056465,0.34718190441039265,0.48375451263537905,0.3806818181818182,0.6633663366336634,0.5618811881188119,True,1262,303,303,"{""n_estimators"": 200, ""max_depth"": 3, ""min_samples_leaf"": 5, ""random_state"": 42}"
high_dsv20_state_75,total_only,random_forest_tuned_threshold,max_recall_precision_ge_0_30,0.329293,test,0.536834624056465,0.34718190441039265,0.4987012987012987,0.3380281690140845,0.9504950495049505,0.5099009900990099,False,1262,303,303,"{""n_estimators"": 200, ""max_depth"": 3, ""min_samples_leaf"": 5, ""random_state"": 42}"
high_dsv20_state_75,total_only,random_forest_default_0_5,default_0_5,0.5,test,0.536834624056465,0.34718190441039265,0.3333333333333333,0.3300970873786408,0.33663366336633666,0.4975247524752475,False,1262,303,303,"{""n_estimators"": 200, ""max_depth"": 3, ""min_samples_leaf"": 5, ""random_state"": 42}"
high_dsv20_state_75,total_only,majority_class,majority_class,,test,0.5,0.3333333333333333,0.0,0.0,0.0,0.5,False,1262,303,303,{}
high_dsv20_state_75,net_only,random_forest_tuned_threshold,max_f1,0.30875,test,0.6833398686403294,0.5710701527568027,0.48372093023255813,0.45614035087719296,0.5148514851485149,0.6039603960396039,True,1262,303,303,"{""n_estimators"": 800, ""max_depth"": null, ""min_samples_leaf"": 1, ""random_state"": 42}"
high_dsv20_state_75,net_only,random_forest_tuned_threshold,max_balanced_accuracy,0.30875,test,0.6833398686403294,0.5710701527568027,0.48372093023255813,0.45614035087719296,0.5148514851485149,0.6039603960396039,False,1262,303,303,"{""n_estimators"": 800, ""max_depth"": null, ""min_samples_leaf"": 1, ""random_state"": 42}"
high_dsv20_state_75,net_only,random_forest_tuned_threshold,max_recall_precision_ge_0_30,0.035,test,0.6833398686403294,0.5710701527568027,0.5012406947890818,0.3344370860927152,1.0,0.5024752475247525,False,1262,303,303,"{""n_estimators"": 800, ""max_depth"": null, ""min_samples_leaf"": 1, ""random_state"": 42}"
high_dsv20_state_75,net_only,random_forest_default_0_5,default_0_5,0.5,test,0.6833398686403294,0.5710701527568027,0.37142857142857144,0.6666666666666666,0.25742574257425743,0.5965346534653466,False,1262,303,303,"{""n_estimators"": 800, ""max_depth"": null, ""min_samples_leaf"": 1, ""random_state"": 42}"
high_dsv20_state_75,net_only,majority_class,majority_class,,test,0.5,0.3333333333333333,0.0,0.0,0.0,0.5,False,1262,303,303,{}
high_dsv20_state_75,total_plus_net,random_forest_tuned_threshold,max_f1,0.456565,test,0.5396774825997451,0.41466165252196263,0.43866171003717475,0.35119047619047616,0.5841584158415841,0.5222772277227723,True,1262,303,303,"{""n_estimators"": 200, ""max_depth"": 3, ""min_samples_leaf"": 5, ""random_state"": 42}"
high_dsv20_state_75,total_plus_net,random_forest_tuned_threshold,max_balanced_accuracy,0.456565,test,0.5396774825997451,0.41466165252196263,0.43866171003717475,0.35119047619047616,0.5841584158415841,0.5222772277227723,False,1262,303,303,"{""n_estimators"": 200, ""max_depth"": 3, ""min_samples_leaf"": 5, ""random_state"": 42}"
high_dsv20_state_75,total_plus_net,random_forest_tuned_threshold,max_recall_precision_ge_0_30,0.327261,test,0.5396774825997451,0.41466165252196263,0.5063291139240507,0.3401360544217687,0.9900990099009901,0.5148514851485149,False,1262,303,303,"{""n_estimators"": 200, ""max_depth"": 3, ""min_samples_leaf"": 5, ""random_state"": 42}"
high_dsv20_state_75,total_plus_net,random_forest_default_0_5,default_0_5,0.5,test,0.5396774825997451,0.41466165252196263,0.41836734693877553,0.43157894736842106,0.40594059405940597,0.5693069306930694,False,1262,303,303,"{""n_estimators"": 200, ""max_depth"": 3, ""min_samples_leaf"": 5, ""random_state"": 42}"
high_dsv20_state_75,total_plus_net,majority_class,majority_class,,test,0.5,0.3333333333333333,0.0,0.0,0.0,0.5,False,1262,303,303,{}
high_dsv20_state_80,total_only,random_forest_tuned_threshold,max_f1,0.412927,test,0.5600255427841634,0.3311532150824416,0.4482758620689655,0.2988505747126437,0.896551724137931,0.5246647509578544,False,1262,303,303,"{""n_estimators"": 200, ""max_depth"": 3, ""min_samples_leaf"": 5, ""random_state"": 42}"
high_dsv20_state_80,total_only,random_forest_tuned_threshold,max_balanced_accuracy,0.413982,test,0.5600255427841634,0.3311532150824416,0.44970414201183434,0.30278884462151395,0.8735632183908046,0.5316890166028098,True,1262,303,303,"{""n_estimators"": 200, ""max_depth"": 3, ""min_samples_leaf"": 5, ""random_state"": 42}"
high_dsv20_state_80,total_only,random_forest_tuned_threshold,max_recall_precision_ge_0_30,0.365291,test,0.5600255427841634,0.3311532150824416,0.4420485175202156,0.2887323943661972,0.9425287356321839,0.5036717752234994,False,1262,303,303,"{""n_estimators"": 200, ""max_depth"": 3, ""min_samples_leaf"": 5, ""random_state"": 42}"
high_dsv20_state_80,total_only,random_forest_default_0_5,default_0_5,0.5,test,0.5600255427841634,0.3311532150824416,0.3176470588235294,0.3253012048192771,0.3103448275862069,0.5255427841634738,False,1262,303,303,"{""n_estimators"": 200, ""max_depth"": 3, ""min_samples_leaf"": 5, ""random_state"": 42}"
high_dsv20_state_80,total_only,majority_class,majority_class,,test,0.5,0.2871287128712871,0.0,0.0,0.0,0.5,False,1262,303,303,{}
high_dsv20_state_80,net_only,random_forest_tuned_threshold,max_f1,0.1625,test,0.6635802469135803,0.48974442320699063,0.46616541353383456,0.3463687150837989,0.7126436781609196,0.5854885057471264,True,1262,303,303,"{""n_estimators"": 800, ""max_depth"": null, ""min_samples_leaf"": 1, ""random_state"": 42}"
high_dsv20_state_80,net_only,random_forest_tuned_threshold,max_balanced_accuracy,0.1625,test,0.6635802469135803,0.48974442320699063,0.46616541353383456,0.3463687150837989,0.7126436781609196,0.5854885057471264,False,1262,303,303,"{""n_estimators"": 800, ""max_depth"": null, ""min_samples_leaf"": 1, ""random_state"": 42}"
high_dsv20_state_80,net_only,random_forest_tuned_threshold,max_recall_precision_ge_0_30,0.05625,test,0.6635802469135803,0.48974442320699063,0.4598337950138504,0.3029197080291971,0.9540229885057471,0.5348818646232439,False,1262,303,303,"{""n_estimators"": 800, ""max_depth"": null, ""min_samples_leaf"": 1, ""random_state"": 42}"
high_dsv20_state_80,net_only,random_forest_default_0_5,default_0_5,0.5,test,0.6635802469135803,0.48974442320699063,0.24761904761904763,0.7222222222222222,0.14942528735632185,0.5631385696040868,False,1262,303,303,"{""n_estimators"": 800, ""max_depth"": null, ""min_samples_leaf"": 1, ""random_state"": 42}"
high_dsv20_state_80,net_only,majority_class,majority_class,,test,0.5,0.2871287128712871,0.0,0.0,0.0,0.5,False,1262,303,303,{}
high_dsv20_state_80,total_plus_net,random_forest_tuned_threshold,max_f1,0.357508,test,0.5941358024691358,0.432965106190979,0.4,0.2878787878787879,0.6551724137931034,0.5011973180076628,False,1262,303,303,"{""n_estimators"": 600, ""max_depth"": 5, ""min_samples_leaf"": 2, ""random_state"": 42}"
high_dsv20_state_80,total_plus_net,random_forest_tuned_threshold,max_balanced_accuracy,0.454361,test,0.5941358024691358,0.432965106190979,0.4019138755980861,0.3442622950819672,0.4827586206896552,0.5561941251596424,True,1262,303,303,"{""n_estimators"": 600, ""max_depth"": 5, ""min_samples_leaf"": 2, ""random_state"": 42}"
high_dsv20_state_80,total_plus_net,random_forest_tuned_threshold,max_recall_precision_ge_0_30,0.26861,test,0.5941358024691358,0.432965106190979,0.4588235294117647,0.308300395256917,0.896551724137931,0.543183269476373,False,1262,303,303,"{""n_estimators"": 600, ""max_depth"": 5, ""min_samples_leaf"": 2, ""random_state"": 42}"
high_dsv20_state_80,total_plus_net,random_forest_default_0_5,default_0_5,0.5,test,0.5941358024691358,0.432965106190979,0.4050632911392405,0.4507042253521127,0.367816091954023,0.5936302681992337,False,1262,303,303,"{""n_estimators"": 600, ""max_depth"": 5, ""min_samples_leaf"": 2, ""random_state"": 42}"
high_dsv20_state_80,total_plus_net,majority_class,majority_class,,test,0.5,0.2871287128712871,0.0,0.0,0.0,0.5,False,1262,303,303,{}
high_dsv20_state_85,total_only,random_forest_tuned_threshold,max_f1,0.348002,test,0.5347343059831349,0.2189824414985399,0.3467741935483871,0.23118279569892472,0.6935483870967742,0.550093695623076,True,1262,303,303,"{""n_estimators"": 600, ""max_depth"": 5, ""min_samples_leaf"": 2, ""random_state"": 42}"
high_dsv20_state_85,total_only,random_forest_tuned_threshold,max_balanced_accuracy,0.348002,test,0.5347343059831349,0.2189824414985399,0.3467741935483871,0.23118279569892472,0.6935483870967742,0.550093695623076,False,1262,303,303,"{""n_estimators"": 600, ""max_depth"": 5, ""min_samples_leaf"": 2, ""random_state"": 42}"
high_dsv20_state_85,total_only,random_forest_tuned_threshold,max_recall_precision_ge_0_30,0.5,test,0.5347343059831349,0.2189824414985399,0.33513513513513515,0.25203252032520324,0.5,0.5591286307053942,False,1262,303,303,"{""n_estimators"": 600, ""max_depth"": 5, ""min_samples_leaf"": 2, ""random_state"": 42}"
high_dsv20_state_85,total_only,random_forest_default_0_5,default_0_5,0.5,test,0.5347343059831349,0.2189824414985399,0.33513513513513515,0.25203252032520324,0.5,0.5591286307053942,False,1262,303,303,"{""n_estimators"": 600, ""max_depth"": 5, ""min_samples_leaf"": 2, ""random_state"": 42}"
high_dsv20_state_85,total_only,majority_class,majority_class,,test,0.5,0.20462046204620463,0.0,0.0,0.0,0.5,False,1262,303,303,{}
high_dsv20_state_85,net_only,random_forest_tuned_threshold,max_f1,0.343808,test,0.48136126355240255,0.3035319268226411,0.26556016597510373,0.1787709497206704,0.5161290322580645,0.45308526301699903,True,1262,303,303,"{""n_estimators"": 200, ""max_depth"": 3, ""min_samples_leaf"": 5, ""random_state"": 42}"
high_dsv20_state_85,net_only,random_forest_tuned_threshold,max_balanced_accuracy,0.343808,test,0.48136126355240255,0.3035319268226411,0.26556016597510373,0.1787709497206704,0.5161290322580645,0.45308526301699903,False,1262,303,303,"{""n_estimators"": 200, ""max_depth"": 3, ""min_samples_leaf"": 5, ""random_state"": 42}"
high_dsv20_state_85,net_only,random_forest_tuned_threshold,max_recall_precision_ge_0_30,0.5,test,0.48136126355240255,0.3035319268226411,0.3387096774193548,0.3387096774193548,0.3387096774193548,0.584292598045777,False,1262,303,303,"{""n_estimators"": 200, ""max_depth"": 3, ""min_samples_leaf"": 5, ""random_state"": 42}"
high_dsv20_state_85,net_only,random_forest_default_0_5,default_0_5,0.5,test,0.48136126355240255,0.3035319268226411,0.3387096774193548,0.3387096774193548,0.3387096774193548,0.584292598045777,False,1262,303,303,"{""n_estimators"": 200, ""max_depth"": 3, ""min_samples_leaf"": 5, ""random_state"": 42}"
high_dsv20_state_85,net_only,majority_class,majority_class,,test,0.5,0.20462046204620463,0.0,0.0,0.0,0.5,False,1262,303,303,{}
high_dsv20_state_85,total_plus_net,random_forest_tuned_threshold,max_f1,0.451194,test,0.5490563512247356,0.2765509706809974,0.3248730964467005,0.23703703703703705,0.5161290322580645,0.544371570070941,True,1262,303,303,"{""n_estimators"": 200, ""max_depth"": 3, ""min_samples_leaf"": 5, ""random_state"": 42}"
high_dsv20_state_85,total_plus_net,random_forest_tuned_threshold,max_balanced_accuracy,0.451194,test,0.5490563512247356,0.2765509706809974,0.3248730964467005,0.23703703703703705,0.5161290322580645,0.544371570070941,False,1262,303,303,"{""n_estimators"": 200, ""max_depth"": 3, ""min_samples_leaf"": 5, ""random_state"": 42}"
high_dsv20_state_85,total_plus_net,random_forest_tuned_threshold,max_recall_precision_ge_0_30,0.5,test,0.5490563512247356,0.2765509706809974,0.35443037974683544,0.2916666666666667,0.45161290322580644,0.5847276134386293,False,1262,303,303,"{""n_estimators"": 200, ""max_depth"": 3, ""min_samples_leaf"": 5, ""random_state"": 42}"
high_dsv20_state_85,total_plus_net,random_forest_default_0_5,default_0_5,0.5,test,0.5490563512247356,0.2765509706809974,0.35443037974683544,0.2916666666666667,0.45161290322580644,0.5847276134386293,False,1262,303,303,"{""n_estimators"": 200, ""max_depth"": 3, ""min_samples_leaf"": 5, ""random_state"": 42}"
high_dsv20_state_85,total_plus_net,majority_class,majority_class,,test,0.5,0.20462046204620463,0.0,0.0,0.0,0.5,False,1262,303,303,{}
