model,mae,rmse,r2,spearman,validation_rmse,train_rmse,best_params,status,reason
gradient_boosting,0.013564839191464092,0.018180565793209823,-0.014920078250644231,0.16992430711364406,0.01746690181063982,0.013030331544367947,"{""n_estimators"": 100, ""learning_rate"": 0.02, ""max_depth"": 2, ""subsample"": 1.0}",ok,
DecisionTreeRegressor,0.015409688072436045,0.018215868543075893,-0.018865418195258776,-0.1546755080335349,0.01450119247368521,0.01181049191708807,"{""max_depth"": 4, ""min_samples_leaf"": 10}",ok,
GaussianProcessRegressor,0.014762820288834997,0.018353897302267917,-0.03436460163697164,0.0,0.018334289945207922,1.6791778372778727e-06,"{""kernel"": ""RBF(length_scale=1) + WhiteKernel(noise_level=1e-06)"", ""alpha"": 1e-10, ""normalize_y"": true, ""n_restarts_optimizer"": 0}",ok,
historical_mean,0.014762820288834997,0.01835389730226792,-0.03436460163697186,0.0,,0.015764581768632466,{},ok,
KNeighborsRegressor_distance_weighted,0.013870464971917297,0.018429147318186106,-0.04286367004898217,0.03688845273143341,0.019540031852115166,0.0,"{""n_neighbors"": 40, ""p"": 2}",ok,
KNeighborsRegressor_manhattan,0.014677024648253337,0.018525410772412595,-0.05378678514064772,-0.10847682493831998,0.020061214281835004,0.012797313719360754,"{""n_neighbors"": 40, ""weights"": ""uniform""}",ok,
knn_regressor,0.013963577552766226,0.01859649516512655,-0.06188933250449136,-0.0018614151623521941,0.01945104009902607,0.012775148086695427,"{""n_neighbors"": 40, ""weights"": ""uniform"", ""p"": 2}",ok,
zero_predictor,0.022460868426520682,0.02881257543283712,-1.5490667871678134,0.0,,0.024777478551295435,{},ok,
RadiusNeighborsRegressor,,,,,,,{},skipped,No parameter setting converged successfully.
